"","module","domain","process","subprocess","model","parameter","path","unit","default","version","note"
"1","birds","water","birds","birds","pclake","cBirdsPerha","parameters/cBirdsPerha","coot*ha^-1","0","1.0.0","Number_of_birds_per_ha_vegetated_lake_(Default_=_0)"
"2","birds","water","birds","birds","pclake","cYearStartBirds","parameters/cYearStartBirds","y","0","1.0.0","First_year_of_birds_presence"
"3","birds","water","birds","birds","pclake","fDissEgesBird","parameters/fDissEgesBird","-","0.25","1.0.0","Fraction_dissolved_nutrient_of_coot_egestion"
"4","birds","water","birds","birds","pclake","fDAssBird","parameters/fDAssBird","-","0.5","1.0.0","Birds_assim_efficiency"
"5","birds","water","birds","birds","pclake","hDVegBird","parameters/hDVegBird","gDW*m^-2","5","1.0.0","Half-sat_vegetation_biomass_for_birds_grazing"
"6","birds","water","birds","birds","pclake","cDGrazPerBird","parameters/cDGrazPerBird","gDW*coot^-1*d^-1","45","1.0.0","Daily_grazing_of_birds"
"7","birds","water","birds","birds","pclake","cDayStartBirds","parameters/cDayStartBirds","d","46","1.0.0","Yearly_first_day_of_birds_presence"
"8","birds","water","birds","birds","pclake","cDayEndBirds","parameters/cDayEndBirds","d","288","1.0.0","Yearly_last_day_of_birds_presence"
"9","carbon","sediment","sediment_characteristics","active_layer_depth","wet","cDepthS","abiotic_sediment/parameters/cDepthS","m","0.1","1","sediment depth"
"10","carbon","water","water_atmosphere_exchange","alkalinity","aed2","ionic","aed2_carbon/ionic","-","0.3","1.0.0","Ionic strength"
"11","carbon","sediment","exchange","bottom_pelagic","wet","hypsograph","bot_pel_interface/parameters/hypsograph","","TRUE","2.3",""
"12","carbon","sediment","decomposition","mineralisation","pclake","cThetaMinS","parameters/cThetaMinS","-","1.07","1.0.0","Expon_temp_constant_of_sediment_mineralization"
"13","carbon","sediment","burial","burial","selmaprotbas","fl_burialrate","selmaprotbas/parameters/fl_burialrate","d-1","0.001","1.0.0","sediment burial rate"
"14","carbon","water","water_atmosphere_exchange","co2","aed2","atm_co2","aed2_carbon/atm_co2","-","4.00E-04","1.0.0","Atmospheric CO2 concentration"
"15","carbon","water","water_atmosphere_exchange","dic","wet","tDDepoIM","abiotic_water/parameters/tDDepoIM","g/m2/d","0","1","inorganic matter deposition"
"16","carbon","sediment","decomposition","mineralisation_poc","pclake","kDMinDetS","parameters/kDMinDetS","d^-1","0.002","1.0.0","Decomposition_constant_of_sediment_detritus"
"17","phytoplankton","water","stoichiometry","carbon_ratio","wet","cCPerDW","{group_name}/parameters/cCPerDW","gC/gDW","0.4","1","C content of organic matter DW"
"18","macrophytes","sediment","stoichiometry","uptake_nutrients","wet","cAffNUptVeg","{group_name}/parameters/cAffNUptVeg","l/mgDW/d","0.2","1","N uptake affinity"
"19","carbon","sediment","dredging","dredging","pclake","fEffDred","parameters/fEffDred","-","0.95","1.0.0","Dredging_efficiency_(<10)"
"20","carbon","sediment","dredging","dredging","pclake","cLengDred","parameters/cLengDred","d","10","1.0.0","Length_of_dredging_period"
"21","carbon","sediment","dredging","dredging","pclake","cDredInterval","parameters/cDredInterval","y","9999000","1.0.0","Dredging_interval"
"22","carbon","sediment","dredging","dredging","pclake","cDredStart","parameters/cDredStart","y","9999000","1.0.0","First_dredging_year_(should_be_n_times_cDredInterval_)"
"23","carbon","sediment","erosion","erosion","pclake","fSedErosIM","parameters/fSedErosIM","-","0.95","1.0.0","Instantly_sedimenting_fraction_of_IM"
"24","carbon","sediment","initial_conditions","initial_dom","pclake","sDIMS0","initialstates/sDIMS0","gDW*m^-2","","1.0.0","Inorganic_matter_in_lake_sediment"
"25","phytoplankton","water","stoichiometry","chlorophyll_ratio","wet","cChDMax","{group_name}/parameters/cChDMax","mgChl/mgDW","0.015","1","maximum chlorophyll/C ratio"
"26","carbon","sediment","initial_conditions","initial_humus","pclake","sDHumS0","initialstates/sDHumS0","gDW*m^-2","","1.0.0","Humus_DW_in_lake_sediment"
"27","macrophytes","sediment","stoichiometry","uptake_nutrients","wet","cAffPUptVeg","{group_name}/parameters/cAffPUptVeg","l/mgDW/d","0.2","1","P uptake affinity"
"28","phytoplankton","water","stoichiometry","chlorophyll_ratio","wet","cChDMin","{group_name}/parameters/cChDMin","mgChl/mgDW","0.005","1","minimum chlorophyll/C ratio"
"29","carbon","sediment","initial_conditions","initial_inorganic","mylake","In.FIM","In.FIM","-","0.92","1.0.0","Initial profile of volume fraction of inorganic matter in the sediment solids (dry weight basis)"
"30","carbon","sediment","initial_conditions","initial_pom","pclake","fDDetS0","initialstates/fDDetS0","gDW*gDW^-1","0.05","1.0.0","Initial_detritus_fraction_of_sediment_organic_matter"
"31","carbon","sediment","initial_conditions","initial_pom","pclake","fDOrgS0","initialstates/fDOrgS0","gDW*gDW^-1","0.08","1.0.0","Initial_organic_fraction_of_sediment_DW"
"32","carbon","sediment","initial_conditions","initial_pom","pclake","fDTotS0","initialstates/fDTotS0","gDW*gDW^-1","0.2","1.0.0","Initial_dry-weight_fraction_in_sediment"
"33","carbon","sediment","water_sediment_exchange","diffusion","wet","kDDifDOM1","sediment_exchange/parameters/kDDifDOM1","m2/d","0.002","1","DOM diffusion constant DW at 20*C"
"34","carbon","sediment","initial_conditions","initial_pom","pclake","bDTotS0","initialstates/bDTotS0","gDW*m^-2","","1.0.0","Total_dry-weight_in_top_layer"
"35","carbon","sediment","initial_conditions","initial_pom","pclake","sDDetS0","initialstates/sDDetS0","gDW*m^-2","","1.0.0","Detritus_DW_in_lake_sediment"
"36","phytoplankton","water","growth","nutrient_limitation","selmaprotbas","alpha","{group_name}/parameters/alpha","mmol m-3","1.65625","1.0.0","half-saturation for nutrient uptake"
"37","carbon","sediment","initial_conditions","initial_sediment","pclake","bPorS0","initialstates/bPorS0","m^3*m^-3","","1.0.0","Porosity"
"38","carbon","sediment","initial_conditions","initial_sediment","pclake","bRhoTotS0","initialstates/bRhoTotS0","gDW*m^-3","","1.0.0","Bulk_density_of_sediment"
"39","carbon","sediment","sediment_characteristics","active_layer_depth","mylake","H_sed","Bio.par/H_sed","m","0.03","1.0.0","height of active sediment layer"
"40","macrophytes","sediment","areal_coverage","areal_coverage","wet","cCovSpVeg","{group_name}/parameters/cCovSpVeg","l/gDW/m2","0.5","1","specific cover"
"41","carbon","sediment","sediment_characteristics","sediment_composition","pclake","fDOrgSoil","parameters/fDOrgSoil","-","0.165","1.0.0","Fraction_soil_organic_matter"
"42","carbon","sediment","sediment_characteristics","sediment_composition","pclake","fLutumRef","parameters/fLutumRef","-","0.2","1.0.0","Reference_lutum_fraction_(of_sandy_clay_soils)"
"43","carbon","sediment","sediment_characteristics","sediment_composition","pclake","cCPerDW","parameters/cCPerDW","gC*gDW^-1","0.4","1.0.0","C_content_of_organic_matter"
"44","carbon","sediment","sediment_characteristics","sediment_composition","pclake","cRhoOM","parameters/cRhoOM","gDW*m^-3","1400000","1.0.0","Density_of_sediment_detritus"
"45","carbon","sediment","sediment_characteristics","sediment_composition","pclake","cRhoIM","parameters/cRhoIM","gDW*m^-3","2500000","1.0.0","Density_of_sediment_IM"
"46","macrophytes","sediment","stoichiometry","carbon_ratio","wet","cCPerDW","{group_name}/parameters/cCPerDW","gC/gDW","0.4","1","C content of organic matter DW"
"47","phytoplankton","water","respiration","composition","aed2","f_pr","phyto_data/pd%f_pr","?","0.005","1.0.0","fraction"
"48","carbon","sediment","vertical_movement","sedimentation","pclake","cVSetDet","parameters/cVSetDet","m*d^-1","0.25","1.0.0","Max_sedimentation_velocity_of_detritus"
"49","carbon","sediment","vertical_movement","sedimentation","pclake","cVSetIM","parameters/cVSetIM","m*d^-1","1","1.0.0","Max_sedimentation_velocity_of_inert_org_matter_(10)"
"50","carbon","sediment","vertical_movement","sedimentation","pclake","cThetaSet","parameters/cThetaSet","1^[oC^-1]","1.01","1.0.0","Temp_parameter_of_sedimentation"
"51","macrophytes","sediment","growth","phenology","wet","cDaySumVegMin","{group_name}/parameters/cDaySumVegMin","day of the year","1","1","earliest start of growing season"
"52","carbon","sediment","water_sediment_exchange","resuspension","mylake","S_res_hypo","Bio.par/S_res_hypo","m d-1","3.63E-08","1.0.0","Particle resuspension mass transfer coefficient;  hypolimnion"
"53","carbon","sediment","water_sediment_exchange","resuspension","mylake","S_res_epi","Bio.par/S_res_epi","m d-1","3.63E-07","1.0.0","Particle resuspension mass transfer coefficient;  epilimnion"
"54","carbon","water","water_atmosphere_exchange","equation_options_alkalinity","aed2","alk_mode","aed2_carbon/alk_mode","(integer)","2","1.0.0","1: ; 2:"
"55","carbon","water","water_atmosphere_exchange","equation_options_co2","aed2","co2_model","aed2_carbon/co2_model","(integer)","1","1.0.0","1: ; 2:"
"56","carbon","sediment","water_sediment_exchange","resuspension","pclake","cSuspRef","parameters/cSuspRef","gDW*m^-2*d^-1","0.5","1.0.0","Reference_suspended_matter_function"
"57","carbon","sediment","water_sediment_exchange","resuspension","pclake","cSuspSlope","parameters/cSuspSlope","m","2.1","1.0.0","Slope_of_logistic_empirical_suspended_matter_function"
"58","carbon","water","water_atmosphere_exchange","equation_options_co2","aed2","co2_piston_model","aed2_carbon/co2_piston_model","(integer)","1","1.0.0","1: ; 2:"
"59","carbon","sediment","water_sediment_exchange","resuspension","pclake","cSuspMax","parameters/cSuspMax","-","25.2","1.0.0","Maximum_value_of_logistic_empirical_suspended_matter_function"
"60","macrophytes","sediment","growth","phenology","wet","cDayWinVeg","{group_name}/parameters/cDayWinVeg","day of the year","259","1","end of growing season"
"61","zoobenthos","sediment","migration","external_density","wet","cDBentIn","{group_name}/parameters/cDBentIn","gDW/m2","0.01","1","external density"
"62","zoobenthos","sediment","growth","carrying_capacity","wet","cDCarrBent","{group_name}/parameters/cDCarrBent","gDW/m2","10","1","carrying capacity"
"63","macrophytes","sediment","growth","growth","wet","cDCarrVeg","{group_name}/parameters/cDCarrVeg","gDW/m2","300","1","carrying capacity"
"64","carbon","water","water_atmosphere_exchange","equation_options_methane","aed2","ch4_piston_model","aed2_carbon/ch4_piston_model","(integer)","1","1.0.0","1: ; 2:"
"65","macrophytes","sediment","growth","phenology","wet","cDLayerVeg","{group_name}/parameters/cDLayerVeg","gD/m2","0","1","biomass of a single layer of floating leaves"
"66","phytoplankton","water","growth","equation_options_temperature_limitation","aed2","fT_method","phyto_data/pd%fT_method","(integer)","1","1.0.0","1: ; 2:"
"67","phytoplankton","water","growth","light_limitation","aed2","I_K","phyto_data/pd%I_K","micro E m-2 s-1","50","1.0.0","saturation_concentration"
"68","macrophytes","sediment","migration","external_density","wet","cDVegIn","{group_name}/parameters/cDVegIn","gDW/m2","1","1","external macrophyte density"
"69","macrophytes","sediment","initial_conditions","minimum_density","wet","cDVegMin","{group_name}/parameters/cDVegMin","gDW/m2","1.00E-05","1","minimum dry weight"
"70","phytoplankton","water","growth","light_limitation","aed2","I_S","phyto_data/pd%I_S","micro E m-2 s-1","250","1.0.0","saturation_intensity"
"71","carbon","water","initial_conditions","initial_dim","aed2","dic_initial","aed2_carbon/dic_initial","-","200","1.0.0","initial dic"
"72","carbon","water","initial_conditions","initial_dim","wet","sDIMW","abiotic_water/initialization/sDIMW","g/m3","4","1","inorganic matter"
"73","carbon","sediment","initial_conditions","initial_dom","wet","sDS","DOM/initialization/sDS","g/m2","10","1","dissolved organic matter"
"74","carbon","water","initial_conditions","initial_dom","wet","sDW","DOM/initialization/sDW","g/m3","2.5","1","dissolved org. matter DW"
"75","carbon","sediment","initial_conditions","initial_humus","wet","sDS","humus/initialization/sDS","g/m2","3719","1","humus DW"
"76","carbon","sediment","initial_conditions","initial_im","wet","sDIMS","abiotic_sediment/initialization/sDIMS","g/m2","27886.72588","1","inorganic matter"
"77","carbon","water","initial_conditions","initial_methane","aed2","ch4_initial","aed2_carbon/ch4_initial","-","1","1.0.0","initial methane"
"78","carbon","water","initial_conditions","initial_pH","aed2","pH_initial","aed2_carbon/pH_initial","-","8.4","1.0.0","initial pH"
"79","carbon","sediment_marsh","initial_conditions","initial_pom","pclake","fDDetSM0","initialstates/fDDetSM0","gDW*gDW^-1","0.05","1.0.0","Initial_detritus_fraction_of_sediment_organic_matter"
"80","carbon","sediment_marsh","initial_conditions","initial_pom","pclake","fDOrgSM0","initialstates/fDOrgSM0","gDW*gDW^-1","0.1","1.0.0","Initial_organic_fraction_of_sed"
"81","carbon","sediment_marsh","initial_conditions","initial_pom","pclake","fDTotSM0","initialstates/fDTotSM0","gDW*gDW^-1","0.3","1.0.0","Initial_dry-weight_fraction_in_sediment"
"82","carbon","sediment_marsh","initial_conditions","initial_pom","pclake","bDTotSM0","initialstates/bDTotSM0","gDW*m^-2","","1.0.0","Total_dry-weight_in_top_layer"
"83","carbon","sediment_marsh","initial_conditions","initial_sediment","pclake","bPorSM0","initialstates/bPorSM0","m^3*m^-3","","1.0.0","Porosity"
"84","carbon","sediment_marsh","initial_conditions","initial_sediment","pclake","bRhoTotSM0","initialstates/bRhoTotSM0","gDW*m^-3","","1.0.0","Bulk_density_of_sediment"
"85","carbon","sediment_marsh","sediment_characteristics","active_layer_depth","pclake","cDepthSM","parameters/cDepthSM","m","0.1","1.0.0","Sediment_depth"
"86","carbon","water","burial","equation_options_burial","pclake","InclBur","parameters/InclBur","(integer)","1","1.0.0","Include_burial_module"
"87","carbon","sediment","initial_conditions","initial_pom","selmaprotbas","fl_c","selmaprotbas/initialization/fl_c","mmol C m-2","400","1.0.0","Initial carbon fluff"
"88","carbon","water","initial_conditions","initial_pom","selmaprotbas","dd_c","selmaprotbas/initialization/dd_c","mmol C m-3","0","1.0.0","Initial carbon detritus"
"89","carbon","water","decomposition","mineralisation","pclake","cThetaMinW","parameters/cThetaMinW","-","1.07","1.0.0","Expon_temp_constant_of_mineralization_in_water"
"90","macrophytes","sediment","light","light_attenuation","wet","cExtSpVeg","{group_name}/parameters/cExtSpVeg","m2/gDW","0.0035","1","specific extinction"
"91","carbon","sediment","initial_conditions","initial_pom","wet","sDS","POM/initialization/sDS","g/m2","3500","1","particulate organic DW"
"92","carbon","water","decomposition","mineralisation_humus","pclake","kDMinHum","parameters/kDMinHum","d^-1","1.00E-05","1.0.0","Maximum_decomposition_constant_of_humic_material_(1D-5)"
"93","carbon","water","decomposition","mineralisation_poc","pclake","kDMinDetW","parameters/kDMinDetW","d^-1","0.01","1.0.0","Decomposition_constant_of_detritus"
"94","carbon","water","initial_conditions","initial_pom","wet","sDW","POM/initialization/sDW","g/m3","0.1","1","particulate org. matter DW"
"95","carbon","water","light_extinction","light_extinction","wet","cExtSpIM","abiotic_water/parameters/cExtSpIM","m2/gDW","0.05","1","specific extinction inorganic matter"
"96","carbon","water","light_extinction","light_extinction","wet","cExtSp","POM/parameters/cExtSp","m2/gDW","0.15","1","specific extinction factor for POM"
"97","carbon","water","light_extinction","light_extinction","selmaprotbas","kc","selmaprotbas/parameters/kc","m2 mmolC-1","0.0036","1.2.0","specific light attenuation of detritus"
"98","carbon","water","erosion","erosion","pclake","fHypErosIM","parameters/fHypErosIM","-","0","1.0.0","Fraction_of_IM_from_banks_to_hypolymnion"
"99","carbon","water","water_atmosphere_exchange","methane","aed2","atm_ch4","aed2_carbon/atm_ch4","-","1.76E-06","1.0.0","Atmospheric methane concentration"
"100","macrophytes","sediment","stoichiometry","height","wet","cHeightVeg","{group_name}/parameters/cHeightVeg","m","0.5","1","macrophyte height"
"101","carbon","water","initial_conditions","initial_dom","pclake","sDIMWEpi0","initialstates/sDIMWEpi0","gDW*m^-2","","1.0.0","Inorganic_matter_in_epilimnion_lake_water"
"102","carbon","water","initial_conditions","initial_dom","pclake","sDIMWHyp0","initialstates/sDIMWHyp0","gDW*m^-2","","1.0.0","Inorganic_matter_in_hypolimnion_lake_water"
"103","phosphorus","sediment","absorption","absorption","wet","cKPAdsOxS","abiotic_sediment/parameters/cKPAdsOxS","m3/gP","1.5","1","P adsorption affinity at oxidized conditions"
"104","carbon","sediment","decomposition","mineralisation","selmaprotbas","dn_sed","selmaprotbas/parameters/dn_sed","d-1","0.002","1.0.0","Sediment mineralisation rate at 20 degC"
"105","carbon","sediment","decomposition","mineralisation","selmaprotbas","q10_recs","selmaprotbas/parameters/q10_recs","K-1","0.175","1.0.0","temperature dependence of sediment remineralization"
"106","carbon","water","decomposition","mineralisation","selmaprotbas","dn","selmaprotbas/parameters/dn","d-1","0.003","1.0.0","Detritus mineralisation rate at 20 degC"
"107","carbon","water","initial_conditions","initial_pom","pclake","sDDetWEpi0","initialstates/sDDetWEpi0","gDW*m^-2","","1.0.0","Detritus_DW_in_epilimnion_lake_water"
"108","carbon","water","initial_conditions","initial_pom","pclake","sDDetWHyp0","initialstates/sDDetWHyp0","gDW*m^-2","","1.0.0","Detritus_DW_in_hypolimnion_lake_water"
"109","carbon","water","initial_conditions","initial_pom","pclake","sDExtTotT0","initialstates/sDExtTotT0","gDW*m^-2","","1.0.0","Total_amount_of_DW_moved_into_or_out_from_the_system"
"110","carbon","water","initial_conditions","initial_pom","pclake","uDTotT0","initialstates/uDTotT0","gDW*m^-2","","1.0.0","Total_initial_DW_in_the_lake"
"111","carbon","water","initial_conditions","initial_pom","pclake","uDTotTHyp0","initialstates/uDTotTHyp0","gDW*m^-2","","1.0.0","Total_initial_DW_in_the_lake"
"112","carbon","water","initial_conditions","initial_pom","pclake","uDTotTSurf0","initialstates/uDTotTSurf0","gDW*m^-2","","1.0.0","Total_initial_DW_at_the_surface"
"113","phosphorus","water","absorption","absorption","wet","cKPAdsOxW","abiotic_water/parameters/cKPAdsOxW","m3/gP","0.6","1","P adsorption affinity at oxidized conditions"
"114","carbon","water","light_extinction","light_extinction","pclake","cExtSpIM","parameters/cExtSpIM","m^2*gDW^-1","0.05","1.0.0","Specific_extinction_inert_matter"
"115","carbon","water","decomposition","mineralisation","selmaprotbas","q10_rec","selmaprotbas/parameters/q10_rec","K-1","0.15","1.0.0","temperature dependence of detritus remineralization"
"116","carbon","water","light_extinction","light_extinction","pclake","cExtSpDet","parameters/cExtSpDet","m^2*gDW^-1","0.15","1.0.0","Specific_extinction_detritus"
"117","macrophytes","sediment","growth","phenology","wet","cLengAllo","{group_name}/parameters/cLengAllo","d","15","1","duration of allocation and reallocation phase"
"118","macrophytes","sediment","mortality","phenology","wet","cLengMort","{group_name}/parameters/cLengMort","d","15","1","length of shoot mortality period"
"119","carbon","sediment","decomposition","mineralisation_dom","wet","cThetaMinS","DOM/parameters/cThetaMinS","1/e^*C","1.06","1","temperature coefficient of DOM mineralization"
"120","carbon","water","decomposition","mineralisation_dom","wet","cThetaMinW","DOM/parameters/cThetaMinW","1/e^*C","1.07","1","temperature coefficient of DOM mineralization"
"121","carbon","sediment","decomposition","mineralisation_dom","wet","kDMinS","DOM/parameters/kDMinS","1/d","0.001","1","mineralization constant of DOM-DW at 20*C"
"122","carbon","water","decomposition","mineralisation_dom","wet","kDMinW","DOM/parameters/kDMinW","1/d","0.03","1","mineralization constant of DOM-DW at 20*C"
"123","carbon","sediment","decomposition","mineralisation_humus","wet","kDMinS","humus/parameters/kDMinS","1/d","5.00E-05","1","humic decomposition constant at 20*C"
"124","carbon","sediment","decomposition","mineralisation_pom","wet","cThetaMinS","POM/parameters/cThetaMinS","1/e^*C","1.02","1","temperature coefficient of POM mineralization"
"125","carbon","water","decomposition","mineralisation_pom","wet","cThetaMinW","POM/parameters/cThetaMinW","1/e^*C","1.02","1","temperature coefficient of mineralization from POM to DOM"
"126","carbon","sediment","decomposition","mineralisation_pom","wet","kDMinS","POM/parameters/kDMinS","1/d","0.001","1","decomposition constant of POM-DW at 20*C"
"127","carbon","water","decomposition","mineralisation_pom","wet","kDMinW","POM/parameters/kDMinW","1/d","0.001","1","decomposition constant of POM-DW at 20*C"
"128","carbon","water","organic","organic","aed2","Rpon_hydrol ","aed2_organic_matter/Rpon_hydrol ","?","0.05","1.0.0","OM"
"129","carbon","water","organic","organic","aed2","Rpoc_hydrol ","aed2_organic_matter/Rpoc_hydrol","?","0.07","1.0.0","OM"
"130","carbon","water","organic","organic","aed2","Rpop_hydrol ","aed2_organic_matter/Rpop_hydrol ","?","0.08","1.0.0","OM"
"131","carbon","water","organic","organic","aed2","don_initial ","aed2_organic_matter/don_initial","?","0.1","1.0.0","OM"
"132","carbon","water","organic","organic","aed2","dopr_initial ","aed2_organic_matter/dopr_initial","?","0.1","1.0.0","OM"
"133","carbon","water","organic","organic","aed2","pon_initial ","aed2_organic_matter/poc_initial","?","0.1","1.0.0","OM"
"134","carbon","water","organic","organic","aed2","pop_initial ","aed2_organic_matter/pop_initial","?","0.1","1.0.0","OM"
"135","carbon","water","organic","organic","aed2","Rdom_minerl ","aed2_organic_matter/Rdom_minerl","?","0.5","1.0.0","OM"
"136","carbon","water","organic","organic","aed2","simDenitrification ","aed2_organic_matter/simDenitrification ","?","1","1.0.0","OM"
"137","carbon","water","organic","organic","aed2","theta_hydrol ","aed2_organic_matter/theta_hydrol ","?","1.08","1.0.0","OM"
"138","carbon","water","organic","organic","aed2","theta_minerl ","aed2_organic_matter/theta_minerl ","?","1.08","1.0.0","OM"
"139","carbon","water","organic","organic","aed2","dop_initial ","aed2_organic_matter/dop_initial","?","1.5","1.0.0","OM"
"140","carbon","water","organic","organic","aed2","doc_initial","aed2_organic_matter/doc_initial","?","30","1.0.0","OM"
"141","carbon","water","organic","organic","aed2","Kpom_hydrol ","aed2_organic_matter/Kpom_hydrol","?","60","1.0.0","OM"
"142","carbon","water","organic","organic","aed2","poc_initial","aed2_organic_matter/poc_initial","?","78.5","1.0.0","OM"
"143","carbon","water","organic","organic","aed2","Kdom_minerl ","aed2_organic_matter/Kdom_minerl","?","100","1.0.0","OM"
"144","carbon","water","organic","organic","aed2","cpom_initial ","aed2_organic_matter/cpom_initial","?","100","1.0.0","OM"
"145","carbon","water","organic","organic","aed2","docr_initial ","aed2_organic_matter/docr_initial","?","120","1.0.0","OM"
"146","carbon","water","decomposition","oxidation_methane","aed2","Kch4ox","aed2_carbon/Kch4ox","-","0.5","1.0.0","Saturation concentration for the oxidation of methane"
"147","carbon","water","decomposition","oxidation_methane","aed2","vTch4ox","aed2_carbon/vTch4ox","-","1.07","1.0.0","Arrhenius temperature multiplier for methane oxidation"
"148","carbon","water","decomposition","oxidation_methane","aed2","Rch4ox","aed2_carbon/Rch4ox","-","0.1","1.0.0","Methane oxidation rate"
"149","carbon","water","sediment_characteristics","sediment_composition","pclake","fAlDIM","parameters/fAlDIM","gAl*gDW^-1","0.01","1.0.0","Al_content_of_inorg_matter"
"150","carbon","water","sediment_characteristics","sediment_composition","pclake","fFeDIM","parameters/fFeDIM","gFe*gDW^-1","0.01","1.0.0","Fe_content_of_inorg_matter"
"151","carbon","water","sediment_characteristics","sediment_composition","pclake","fLutum","parameters/fLutum","-","0.1","1.0.0","Lutum_content_of_inorg_matter"
"152","phytoplankton","water","growth","light_limitation","selmaprotbas","alpha_light","{group_name}/parameters/alpha_light","d-1 (W m-2)-1","0.1","1.0.0","llim = 1; the slope of light-dependent growth"
"153","carbon","sediment","water_sediment_exchange","resuspension","wet","alpha","sediment_exchange/parameters/alpha","g/m/d","9000","1","qResus = 2; gross rate of sediment erosion"
"154","carbon","water","vertical_movement","sedimentation","mylake","Uz_Sz","Bio.par/Uz_Sz","m d-1","0.25","1.0.0","Settling velocity for S"
"155","carbon","sediment","water_sediment_exchange","resuspension","selmaprotbas","br0","selmaprotbas/parameters/br0","d-1","0.03","1.0.0","bioresuspension rate"
"156","carbon","sediment","water_sediment_exchange","resuspension","selmaprotbas","tau_crit","selmaprotbas/parameters/tau_crit","N m-2","0.07","1.0.0","critical shear stress"
"157","carbon","sediment","water_sediment_exchange","resuspension","selmaprotbas","erorate","selmaprotbas/parameters/erorate","d-1 ","6","1.0.0","sediment erosion rate"
"158","carbon","sediment","water_sediment_exchange","resuspension","wet","cFetch","sediment_exchange/parameters/cFetch","m","1000","1","qResus = 1; length of water body in prevailing wind direction"
"159","carbon","sediment","water_sediment_exchange","resuspension","wet","cFetchRef","sediment_exchange/parameters/cFetchRef","m","1000","1","qResus = 1; reference fetch"
"160","carbon","sediment","water_sediment_exchange","resuspension","wet","crt_shear","sediment_exchange/parameters/crt_shear","N/m","0.02","1","qResus = 2; critical shear stress"
"161","carbon","sediment","water_sediment_exchange","resuspension","wet","cSuspMax","sediment_exchange/parameters/cSuspMax","-","25.2","1","qResus = 1; maximum value of logistic function"
"162","carbon","water","water_sediment_exchange","diffusion","pclake","cThetaDif","parameters/cThetaDif","oC","1.02","1.0.0","Temperature_coefficient_for_diffusion"
"163","carbon","water","water_sediment_exchange","diffusion","pclake","cTurbDifNut","parameters/cTurbDifNut","-","5","1.0.0","Bioturbation_factor_for_diffusion"
"164","carbon","water","water_sediment_exchange","resuspension","pclake","cSuspMin","parameters/cSuspMin","-","6.1","1.0.0","Minimum_value_of_logistic_empirical_suspended_matter_function"
"165","carbon","sediment","water_sediment_exchange","resuspension","wet","cSuspMin","sediment_exchange/parameters/cSuspMin","-","6.1","1","qResus = 1; minimum value of logistic function"
"166","fish","sediment","water_sediment_exchange","resuspension","pclake","kTurbFish","parameters/kTurbFish","gDW*gDW^-1*d^-1","1","1.0.0","Relative_resuspension_by_adult_fish_browsing"
"167","fish","water","ageing","ageing","pclake","fAgeFish","parameters/fAgeFish","-","0.5","1.0.0","Yearly_ageing_fraction_of_young_fish"
"168","phytoplankton","water","growth","n_limitation","selmaprotbas","alpha_n","{group_name}/parameters/alpha_n","mmol N m-3","0.25","1.0.0","half-saturation for nitrogen uptake"
"169","macrophytes","sediment","growth","growth_rate","wet","cMuMaxVeg","{group_name}/parameters/cMuMaxVeg","1/d","0.08","1","maximum growth rate at 20*C"
"170","fish","water","feeding","assimilation_efficiency","pclake","kDAssPisc","parameters/kDAssPisc","d^-1","0.025","1.0.0","Maximum_assimilation_rate"
"171","fish","water","feeding","assimilation_efficiency","pclake","kDAssFiAd","parameters/kDAssFiAd","d^-1","0.06","1.0.0","Maximum_assimilation_rate_of_adult_fish"
"172","fish","water","feeding","assimilation_efficiency","pclake","kDAssFiJv","parameters/kDAssFiJv","d^-1","0.12","1.0.0","Maximum_assimilation_rate_of_young_fish"
"173","fish","water","feeding","assimilation_efficiency","pclake","fDAssFiAd","parameters/fDAssFiAd","-","0.4","1.0.0","C_assimilation_efficiency_of_adult_fish"
"174","fish","water","feeding","assimilation_efficiency","pclake","fDAssFiJv","parameters/fDAssFiJv","-","0.4","1.0.0","C_assimilation_efficiency_of_young_fish"
"175","fish","water","feeding","assimilation_efficiency","pclake","fDAssPisc","parameters/fDAssPisc","-","0.4","1.0.0","C_ass_efficiency_of_Pi_sc"
"176","zoobenthos","sediment","stoichiometry","nitrogen_ratio","wet","cNDBentRef","{group_name}/parameters/cNDBentRef","mgN/mgDW","0.07","1","reference N/C ratio"
"177","phytoplankton","water","growth","p_limitation","selmaprotbas","alpha_p","{group_name}/parameters/alpha_p","mmol P m-3","0.015625","1.0.0","half-saturation for phosphorus uptake"
"178","phytoplankton","water","growth","si_limitation","selmaprotbas","alpha_si","{group_name}/parameters/alpha_si","mmol Si m-3","0.234375","1.0.0","half-saturation for silica uptake"
"179","fish","water","feeding","egestion","pclake","fFiJvEgesHyp","parameters/fFiJvEgesHyp","-","0.1","1.0.0","Fraction_of_egested_FiJv_to_hypolimnion"
"180","fish","water","feeding","egestion","pclake","fDissEgesFish","parameters/fDissEgesFish","-","0.25","1.0.0","Soluble_nutrient_fraction_of_by_fish_egested_food"
"181","fish","water","feeding","egestion","pclake","fDissEgesPisc","parameters/fDissEgesPisc","-","0.25","1.0.0","Soluble_P_fraction_of_by_fish_egested_food"
"182","fish","water","feeding","egestion","pclake","fPiscEgesHyp","parameters/fPiscEgesHyp","-","0.5","1.0.0","Fraction_of_egested_Pisc_to_hypolimnion"
"183","fish","water","feeding","egestion","pclake","fFiAdEgesHyp","parameters/fFiAdEgesHyp","-","0.9","1.0.0","Fraction_of_egested_FiAd_to_hypolimnion"
"184","macrophytes","sediment","initial_conditions","nitrogen_ratio","wet","cNDVeg0","{group_name}/parameters/cNDVeg0","gN/gDW","0.02","1","initial N fraction in veg"
"185","fish","water","feeding","equation_options_growth","pclake","InclWeb","parameters/InclWeb","-","1","1.0.0","Include_food_web_module"
"186","fish","water","feeding","feeding_rate","pclake","hDFishPisc","parameters/hDFishPisc","gDW*m^-2","1","1.0.0","Half-saturating_DFish_for_Pi_sc_predation"
"187","fish","water","feeding","feeding_rate","pclake","hDZooFiJv","parameters/hDZooFiJv","gDW*m^-2","1.25","1.0.0","Half-saturating_zooplankton_biomass_for_young_fish_predation"
"188","fish","water","feeding","feeding_rate","pclake","hDBentFiAd","parameters/hDBentFiAd","gDW*m^-2","2.5","1.0.0","Half-saturating_zoobenthos_biomass_for_adult_fish_predation"
"189","macrophytes","sediment","stoichiometry","nitrogen_ratio","wet","cNDVegMax","{group_name}/parameters/cNDVegMax","mgN/mgDW","0.035","1","maximum N/DW ratio"
"190","macrophytes","sediment","stoichiometry","nitrogen_ratio","wet","cNDVegMin","{group_name}/parameters/cNDVegMin","mgN/mgDW","0.01","1","minimum N/DW ratio"
"191","fish","water","feeding","temperature_limitation","pclake","cSigTmFish","parameters/cSigTmFish","oC","10","1.0.0","Temperature_constant_of_fish(sigma_in_Gaussian_curve)"
"192","fish","water","feeding","temperature_limitation","pclake","cSigTmPisc","parameters/cSigTmPisc","oC","10","1.0.0","Temperature_constant_of_Pi_sc(sigma_in_Gaussian_curve)"
"193","fish","water","feeding","temperature_limitation","pclake","cTmOptFish","parameters/cTmOptFish","oC","25","1.0.0","Optimum_temp_of_fish"
"194","fish","water","feeding","temperature_limitation","pclake","cTmOptPisc","parameters/cTmOptPisc","oC","25","1.0.0","Optimum_temp_of_Pi_sc"
"195","phytoplankton","water","respiration","composition","aed2","k_fdom","phyto_data/pd%k_fdom","?","0.25","1.0.0","fraction_DOM"
"196","nitrogen","sediment","sediment_ground_exchange","groundwater_exchange","wet","cNH4Ground","burial/parameters/cNH4Ground","mgN/l","1","1","NH4 concentration in groundwater"
"197","fish","water","feeding","vegetation_limitation","pclake","cRelVegFish","parameters/cRelVegFish","-","0.009","1.0.0","Decrease_of_fish_feeding_per_%_vegetation_cover(max_001)"
"198","fish","water","feeding","vegetation_limitation","pclake","cRelVegPisc","parameters/cRelVegPisc","gDW*m^-2","0.03","1.0.0","Extra_rel_Pi_sc_density_per_%_reed_if_aCovVeg_>_cCovVegMin"
"199","fish","water","feeding","vegetation_limitation","pclake","cRelPhraPisc","parameters/cRelPhraPisc","gDW*m^-2","0.075","1.0.0","Rel_Pi_sc_density_per_%_reed_if_subm_veg_absent"
"200","fish","water","feeding","vegetation_limitation","pclake","hDVegPisc","parameters/hDVegPisc","gDW*m^-2","5","1.0.0","Half-sat_vegetation_biomass_for_Pi_sc_growth"
"201","fish","water","feeding","vegetation_limitation","pclake","cCovVegMin","parameters/cCovVegMin","-","40","1.0.0","Min_submveg_coverage_for_Pi_sc"
"202","fish","water","feeding","vegetation_limitation","pclake","cDPhraMinPisc","parameters/cDPhraMinPisc","gDW*m^-2","50","1.0.0","Min_reed_biomass_for_Pi_sc"
"203","nitrogen","sediment","sediment_ground_exchange","groundwater_exchange","wet","cNO3Ground","burial/parameters/cNO3Ground","mgN/l","0.1","1","NO3 concentration in groundwater"
"204","phosphorus","sediment","sediment_characteristics","pore_water","wet","coPO4Max","abiotic_sediment/parameters/coPO4Max","mgP/l","1.4","1","max. soluble reactive P conc. in pore water"
"205","zoobenthos","sediment","stoichiometry","nitrogen_ratio","wet","cPDBentRef","{group_name}/parameters/cPDBentRef","mgP/mgDW","0.01","1","reference P/C ratio"
"206","fish","water","initial_conditions","initial_fish","pclake","sDFiAd0","initialstates/sDFiAd0","gDW*m^-2","","1.0.0","Adult_fish_DW_in_lake_water"
"207","fish","water","initial_conditions","initial_fish","pclake","sDFiJv0","initialstates/sDFiJv0","gDW*m^-2","","1.0.0","Young_fish_DW_in_lake_water"
"208","fish","water","initial_conditions","initial_fish","pclake","sDPisc0","initialstates/sDPisc0","gDW*m^-2","","1.0.0","Predatory_fish_DW_in_lake_water"
"209","fish","water","initial_conditions","initial_fish","pclake","sNFiAd0","initialstates/sNFiAd0","gN*m^-2","","1.0.0","Adult_fish_N_in_lake_water"
"210","fish","water","initial_conditions","initial_fish","pclake","sNFiJv0","initialstates/sNFiJv0","gN*m^-2","","1.0.0","Young_fish_N_in_lake_water"
"211","fish","water","initial_conditions","initial_fish","pclake","sPFiAd0","initialstates/sPFiAd0","gP*m^-2","","1.0.0","Adult_fish_P_in_lake_water"
"212","fish","water","initial_conditions","initial_fish","pclake","sPFiJv0","initialstates/sPFiJv0","gP*m^-2","","1.0.0","Young_fish_P_in_lake_water"
"213","fish","water","initial_conditions","initial_fish","pclake","uDFish0","initialstates/uDFish0","gDW*m^-2","","1.0.0","Total_initial_DW_in_white_fish_in_the_lake"
"214","fish","water","initial_conditions","initial_fish","pclake","uNFish0","initialstates/uNFish0","gN*m^-2","","1.0.0","Total_initial_N_in_white_fish_in_the_lake"
"215","fish","water","initial_conditions","initial_fish","pclake","uNPisc0","initialstates/uNPisc0","gN*m^-2","","1.0.0","Total_initial_N_in_pisc_Fish_in_the_lake"
"216","fish","water","initial_conditions","initial_fish","pclake","uPFish0","initialstates/uPFish0","gP*m^-2","","1.0.0","Total_initial_P_in_white_fish_in_the_lake"
"217","fish","water","initial_conditions","initial_fish","pclake","uPPisc0","initialstates/uPPisc0","gP*m^-2","","1.0.0","Total_initial_P_in_pisc_Fish_in_the_lake"
"218","phytoplankton","water","growth","equation_options_light_limitation","wet","qLightMethod","{group_name}/parameters/qLightMethod","-","2","1","lightmethod 1=no photoinhibition; 2=photoinhibition"
"219","macrophytes","sediment","initial_conditions","phosphorus_ratio","wet","cPDVeg0","{group_name}/parameters/cPDVeg0","gP/gDW","0.002","1","initial P fraction in veg"
"220","macrophytes","sediment","stoichiometry","phosphorus_ratio","wet","cPDVegMax","{group_name}/parameters/cPDVegMax","mgP/mgDW","0.004","1","maximum P/DW ratio"
"221","fish","water","initial_conditions","maximum_concentration","pclake","cDCarrPiscBare","parameters/cDCarrPiscBare","gDW*m^-2","1","1.0.0","Carrying_capacity_of_Pi_sc_for_lake_without_marsh_zone"
"222","fish","water","initial_conditions","maximum_concentration","pclake","cDCarrPiscMax","parameters/cDCarrPiscMax","gDW*m^-2","1.2","1.0.0","Maximum_carrying_capacity_of_Pi_sc(=75_kg/ha)"
"223","fish","water","initial_conditions","maximum_concentration","pclake","cDCarrFish","parameters/cDCarrFish","gDW*m^-2","23","1.0.0","Carrying_capacity_of_fish(=_100_gFW/m2Grimm_1983)"
"224","fish","water","initial_conditions","minimum_concentration","pclake","cDCarrPiscMin","parameters/cDCarrPiscMin","gDW*m^-2","0.1","1.0.0","Minimum_carrying_capacity_of_Pi_sc(=6_kg/ha)"
"225","macrophytes","sediment","stoichiometry","phosphorus_ratio","wet","cPDVegMin","{group_name}/parameters/cPDVegMin","mgP/mg","0.001","1","minimum P/DW ratio"
"226","fish","water","management","harvesting","pclake","kHarvFishSum","parameters/kHarvFishSum","d^-1","0","1.0.0","Fish_harvesting_fraction_in_summer"
"227","fish","water","management","harvesting","pclake","kHarvFishWin","parameters/kHarvFishWin","d^-1","0","1.0.0","Fish_harvesting_fraction_in_winter"
"228","fish","water","management","harvesting","pclake","kHarvPiscSum","parameters/kHarvPiscSum","d^-1","0","1.0.0","_Pi_sc_harvesting_fraction_in_summer"
"229","fish","water","management","harvesting","pclake","kHarvPiscWin","parameters/kHarvPiscWin","d^-1","0","1.0.0","_Pi_sc_harvesting_fraction_in_winter"
"230","phosphorus","sediment","sediment_ground_exchange","groundwater_exchange","wet","cPO4Ground","burial/parameters/cPO4Ground","mgP/l","0.1","1","PO4 concentration in groundwater"
"231","fish","water","migration","migration","pclake","cDPiscIn","parameters/cDPiscIn","gDW*m^-2","0.001","1.0.0","External_Pi_sc_density"
"232","fish","water","migration","migration","pclake","kMigrFish","parameters/kMigrFish","d^-1","0.001","1.0.0","Fish_migration_rate"
"233","fish","water","migration","migration","pclake","kMigrPisc","parameters/kMigrPisc","d^-1","0.001","1.0.0","_Pi_sc_migration_rate"
"234","fish","water","migration","migration","pclake","cDFiAdIn","parameters/cDFiAdIn","gDW*m^-2","0.005","1.0.0","External_fish_density"
"235","fish","water","migration","migration","pclake","cDFiJvIn","parameters/cDFiJvIn","gDW*m^-2","0.005","1.0.0","External_fish_density"
"236","fish","water","mortality","excretion","pclake","fFiJvExcrHyp","parameters/fFiJvExcrHyp","-","0.1","1.0.0","Fraction_of_excreted_FiJv_to_hypolimnion"
"237","fish","water","mortality","excretion","pclake","fPiscExcrHyp","parameters/fPiscExcrHyp","-","0.5","1.0.0","Fraction_of_excreted_Pisc_to_hypolimnion"
"238","fish","water","mortality","excretion","pclake","fFiAdExcrHyp","parameters/fFiAdExcrHyp","-","0.9","1.0.0","Fraction_of_excreted_FiAd_to_hypolimnion"
"239","fish","water","mortality","mortality_rate","pclake","fFiAdMortHyp","parameters/fFiAdMortHyp","-","0","1.0.0","Fraction_of_mortality_FiAd_to_hypolimnion"
"240","fish","water","mortality","mortality_rate","pclake","fFiJvMortHyp","parameters/fFiJvMortHyp","-","0","1.0.0","Fraction_of_mortality_FiJv_to_hypolimnion"
"241","fish","water","mortality","mortality_rate","pclake","fPiscMortHyp","parameters/fPiscMortHyp","-","0","1.0.0","Fraction_of_mortality_Pisc_to_hypolimnion"
"242","fish","water","mortality","mortality_rate","pclake","kMortFiAd","parameters/kMortFiAd","d^-1","0.00027","1.0.0","Specific_mortality_of_adult_fish(=_01_y-1)"
"243","fish","water","mortality","mortality_rate","pclake","kMortPisc","parameters/kMortPisc","d^-1","0.00027","1.0.0","Specific_mortality_of_Pi_sc_=_01_y-1"
"244","fish","water","mortality","mortality_rate","pclake","kMortFiJv","parameters/kMortFiJv","d^-1","0.00137","1.0.0","Specific_mortality_of_young_fish(=_01_y-1)"
"245","zoobenthos","sediment","grazing","preference","wet","cPref1","{group_name}/parameters/cPref1","-","1","1","selection factor for prey 1"
"246","macrophytes","sediment","growth","temperature_limitation","wet","cQ10ProdVeg","{group_name}/parameters/cQ10ProdVeg","-","1.2","1","temperature q10 of growth"
"247","fish","water","reproduction","phenology","pclake","cDayReprFish","parameters/cDayReprFish","-","120","1.0.0","Reproduction_date_of_fish_=_1_May"
"248","macrophytes","sediment","respiration","temperature_limitation","wet","cQ10RespVeg","{group_name}/parameters/cQ10RespVeg","-","2","1","temperature q10 of respiration"
"249","fish","water","reproduction","reproction_rate","pclake","fReprFish","parameters/fReprFish","-","0.02","1.0.0","Yearly_reproduction_fraction_of_adult_fish"
"250","phosphorus","sediment","absorption","absorption","wet","cRelPAdsAlS","abiotic_sediment/parameters/cRelPAdsAlS","gP/gAl","0.134","1","max. P adsorption per g Al"
"251","fish","water","respiration","respiration_rate","pclake","kDRespFiAd","parameters/kDRespFiAd","d^-1","0.004","1.0.0","Maintenance_respiration_constant_of_adult_fish"
"252","fish","water","respiration","respiration_rate","pclake","kDRespPisc","parameters/kDRespPisc","d^-1","0.005","1.0.0","Maint_respiration_constant_of_Pi_sc"
"253","fish","water","respiration","respiration_rate","pclake","kDRespFiJv","parameters/kDRespFiJv","d^-1","0.01","1.0.0","Maintenance_respiration_constant_of_young_fish"
"254","phosphorus","water","absorption","absorption","wet","cRelPAdsAlW","abiotic_water/parameters/cRelPAdsAlW","gP/gAl","0.134","1","maximum P adsorption per g Al"
"255","fish","water","stoichiometry","bone_fraction","pclake","fDBone","parameters/fDBone","-","0.35","1.0.0","Fraction_of_fish_C_fixed_in_bones_and_scales"
"256","fish","water","stoichiometry","bone_fraction","pclake","fPBone","parameters/fPBone","-","0.5","1.0.0","Fraction_of_fish_P_fixed_in_bones_and_scales"
"257","phosphorus","sediment","absorption","absorption","wet","cRelPAdsDWS","abiotic_sediment/parameters/cRelPAdsDWS","gP/gDW","3.00E-05","1","max. P adsorption per g DW"
"258","phosphorus","water","absorption","absorption","wet","cRelPAdsDWW","abiotic_water/parameters/cRelPAdsDWW","gP/gDW","3.00E-05","1","maximum P adsorption per g DW"
"259","fish","water","stoichiometry","nitrogen_ratio","pclake","cNDFishRef","parameters/cNDFishRef","gN*gDW^-1","0.1","1.0.0","Reference_N/C_ratio_of_Fish"
"260","fish","water","stoichiometry","nitrogen_ratio","pclake","cNDPisc","parameters/cNDPisc","gN*gDW^-1","0.1","1.0.0","Reference_N/C_ratio_of_Pi_sc"
"261","phosphorus","sediment","absorption","absorption","wet","cRelPAdsFeS","abiotic_sediment/parameters/cRelPAdsFeS","gP/gFe","0.06","1","max. P adsorption per g Fe"
"262","fish","water","stoichiometry","nutrient_ratio","pclake","fDissMortFish","parameters/fDissMortFish","-","0.1","1.0.0","Soluble_nutrient_fraction_of_died_fish(excl_bones_and_scales"
"263","fish","water","stoichiometry","nutrient_ratio","pclake","fDissMortPisc","parameters/fDissMortPisc","-","0.1","1.0.0","Soluble_nutrient_fraction_of_died_Pi_sc(excl_bones_and_scales"
"264","fish","water","stoichiometry","phosphorus_ratio","pclake","cPDFishRef","parameters/cPDFishRef","gP*gDW^-1","0.022","1.0.0","Reference_P/C_ratio_of_Fish"
"265","fish","water","stoichiometry","phosphorus_ratio","pclake","cPDPisc","parameters/cPDPisc","gP*gDW^-1","0.022","1.0.0","Reference_P/C_ratio_of_Pi_sc"
"266","phosphorus","water","absorption","absorption","wet","cRelPAdsFeW","abiotic_water/parameters/cRelPAdsFeW","gP/gFe","0.0675","1","maximum P adsorption per g Fe"
"267","phytoplankton","water","stoichiometry","equation_options_n_fixation","wet","cNFixMax","{group_name}/parameters/cNFixMax","mgN/mgDW/d","0.01","1","lNfix=.true.; maximum N fixation rate"
"268","carbon","sediment","water_sediment_exchange","resuspension","wet","cSuspRef","sediment_exchange/parameters/cSuspRef","-","0","1","qResus = 1; reference suspended matter function"
"269","carbon","sediment","water_sediment_exchange","resuspension","wet","cSuspSlope","sediment_exchange/parameters/cSuspSlope","-","2.1","1","qResus = 1; slope of logistic function"
"270","carbon","sediment","water_sediment_exchange","resuspension","wet","cThetaSed","sediment_exchange/parameters/cThetaSed","1/e^*C","1.01","1","temperature coefficient of sedimentation"
"271","phytoplankton","water","growth","equation_options_n_fixation","wet","fMuNFix","{group_name}/parameters/fMuNFix","-","0.9","1","lNfix=.true.; fraction of MuMax at max N fix."
"272","phytoplankton","water","stoichiometry","equation_options_n_fixation","wet","lNfix","{group_name}/parameters/lNfix","(boolean)"," false","1","toggle nitrogen fixation"
"273","zoobenthos","sediment","grazing","temperature_limitation","wet","cSigTmBent","{group_name}/parameters/cSigTmBent","*C","16","1","temp. constant; sigma in Gaussian curve"
"274","carbon","sediment","water_sediment_exchange","resuspension","wet","cVSedIM","sediment_exchange/parameters/cVSedIM","m/d","1","1","IM sedimentation velocity constant at 20*C"
"275","carbon","sediment","water_sediment_exchange","resuspension","wet","cVSedPOM1","sediment_exchange/parameters/cVSedPOM1","m/d","0.5","1","POM sedimentation velocity constant at 20*C"
"276","carbon","sediment","water_sediment_exchange","resuspension","wet","cVSetMain","sediment_exchange/parameters/cVSetMain","m/d","0.5","1","qResus = 2; depth averaged settling velocity"
"277","carbon","sediment","water_sediment_exchange","resuspension","wet","eta","sediment_exchange/parameters/eta","-","1","1","qResus = 2; shear stress correction factor"
"278","oxygen","water","oxygen_consumption","BOD","pclake","hO2BOD","parameters/hO2BOD","gO2*m^-3","1","1.0.0","Half-sat_oxygen_conc_for_BOD"
"279","oxygen","water","oxygen_consumption","BOD","wet","hO2BOD","DOM/parameters/hO2BOD","mgO2/l","1","1","half saturation oxygen conc. for BOD"
"280","carbon","sediment","water_sediment_exchange","resuspension","wet","fLutum","sediment_exchange/parameters/fLutum","-","0.1","1","lutum fraction of inorganic matter"
"281","carbon","sediment","water_sediment_exchange","resuspension","wet","fLutumRef","sediment_exchange/parameters/fLutumRef","-","0.2","1","reference lutum fraction of inorganic matter"
"282","carbon","sediment","water_sediment_exchange","resuspension","wet","hDepthSusp","sediment_exchange/parameters/hDepthSusp","-","2","1","qResus = 1; half-sat. value of depth in logistic function"
"283","carbon","sediment","water_sediment_exchange","resuspension","wet","qResus","sediment_exchange/parameters/qResus","(integer)","2","1","1=original PCLake; 2=based on shear stress"
"284","nitrogen","sediment","nitrification","nitrification","wet","cThetaNitrS","abiotic_sediment/parameters/cThetaNitrS","1/e^*C","1.03","1","temperature coefficient for nitrification"
"285","nitrogen","water","nitrification","nitrification","wet","cThetaNitrW","abiotic_water/parameters/cThetaNitrW","1/e^*C","1.03","1","temperature coefficient for nitrification"
"286","carbon","sediment","water_sediment_exchange","resuspension","wet","ref_shear","sediment_exchange/parameters/ref_shear","N/m","1","1","qResus = 2; reference shear stress"
"287","macrophytes","sediment","growth","temperature_limitation","wet","cTmInitVeg","{group_name}/parameters/cTmInitVeg","*C","9","1","temperature for onset of initial growth"
"288","phytoplankton","water","respiration","composition","aed2","k_fres","phyto_data/pd%k_fres","?","0.75","1.0.0","fraction_trueRespiration"
"289","zoobenthos","sediment","grazing","temperature_limitation","wet","cTmOptBent","{group_name}/parameters/cTmOptBent","*C","25","1","optimal temperature"
"290","macrophytes","sediment","initial_conditions","initial_macrophytes","pclake","sDRootPhra0","initialstates/sDRootPhra0","gDW*m^-2","","1.0.0","Root_biomass_DW_in_marsh_sediment"
"291","macrophytes","sediment","initial_conditions","initial_macrophytes","pclake","sNRootPhra0","initialstates/sNRootPhra0","gN*m^-2","","1.0.0","Root_biomass_N_in_marsh_sediment"
"292","macrophytes","sediment","initial_conditions","initial_macrophytes","pclake","sPRootPhra0","initialstates/sPRootPhra0","gP*m^-2","","1.0.0","Root_biomass_P_in_marsh_sediment"
"293","phosphorus/nitrogen","sediment","water_sediment_exchange","diffusion","wet","cTurbDifNut","sediment_exchange/parameters/cTurbDifNut","-","12","1","bioturbation correction of nutrient diffusion"
"294","oxygen","water","oxygen_consumption","BOD","wet","hO2BOD","POM/parameters/hO2BOD","mgO2/l","1","1","half saturation oxygen conc. for BOD"
"295","phytoplankton","water","growth","n_limitation","aed2","K_N","phyto_data/pd%K_N","mmol N m-3","1","1.0.0","saturation_concentration"
"296","macrophytes","sediment","stoichiometry","uptake_nutrients","wet","cVNUptMaxVeg","{group_name}/parameters/cVNUptMaxVeg","mgN/mgDW/d","0.1","1","N uptake capacity at 20*C"
"297","phytoplankton","water","growth","n_fixation","aed2","k_nfix","phyto_data/pd%k_nfix","d-1","1","1.0.0","growth_rate_reduction"
"298","macrophytes","sediment","stoichiometry","uptake_nutrients","wet","cVPUptMaxVeg","{group_name}/parameters/cVPUptMaxVeg","mgP/mgDW/d","0.01","1","P uptake capacity at 20*C"
"299","phytoplankton","water","growth","p_limitation","aed2","K_P","phyto_data/pd%K_P","mmol P m-3","0.05","1.0.0","half-saturation concentration of phosphorus"
"300","carbon","sediment","sediment_characteristics","sediment_composition","wet","bPorCorS","abiotic_sediment/parameters/bPorCorS","sediment porosit","0.737275","1","sediment porosity"
"301","macrophytes","sediment","marsh","marsh_area","pclake","fMarsh","parameters/fMarsh","m^2*m^-2","0","1.0.0","Relative_marsh_area_per_lake_area"
"302","macrophytes","sediment","marsh","marsh_area","pclake","hfMarsh","parameters/hfMarsh","m^2*m^-2","0.1","1.0.0","Rel_marsh_area_where_exchange_is_50%"
"303","carbon","sediment","sediment_characteristics","sediment_composition","wet","bPorS","abiotic_sediment/parameters/bPorS","m3/m3","0.58","1","sediment porosity"
"304","phytoplankton","water","growth","temperature_limitation","selmaprotbas","beta","{group_name}/parameters/beta","-","3.7","1.0.0","temperature growth correction factor"
"305","carbon","sediment","sediment_characteristics","sediment_composition","wet","cRhoIM","burial/parameters/cRhoIM","g/m3","2500000","1","density of sediment inorganic matter"
"306","carbon","sediment","sediment_characteristics","sediment_composition","wet","cRhoOM","burial/parameters/cRhoOM","g/m3","1400000","1","density of sediment organic matter"
"307","carbon","sediment","sediment_characteristics","sediment_composition","wet","fDOrgSoil","burial/parameters/fDOrgSoil","-","0.1","1","deep sediment organic matter fraction"
"308","phytoplankton","water","growth","si_limitation","aed2","K_Si","phyto_data/pd%K_Si","mmol Si m-3","0","1.0.0","saturation_concentration"
"309","carbon","sediment","sediment_characteristics","sediment_composition","wet","diagnostics","burial/parameters/diagnostics","","TRUE","2.3",""
"310","phosphorus","sediment","absorption","inorganic_matter_composition","wet","fAlDIMS","abiotic_sediment/parameters/fAlDIMS","gAl/gD","0.01","1","Al content of inorganic matter"
"311","phosphorus","water","absorption","inorganic_matter_composition","wet","fAlDIMW","abiotic_water/parameters/fAlDIMW","gAl/gDW","0.01","1","Al content of inorganic matter"
"312","zoobenthos","sediment","mortality","dom_ratio","wet","fBenDOMS","{group_name}/parameters/fBenDOMS","-","0.5","1","DOM fraction of dead individuals"
"313","zoobenthos","sediment","grazing","assimilation_efficiency","wet","fDAssBent","{group_name}/parameters/fDAssBent","-","0.3","1","C assimilation efficiency"
"314","phosphorus/nitrogen","sediment","water_sediment_exchange","diffusion","wet","fDepthDifS","abiotic_sediment/parameters/fDepthDifS","-","0.5","1","nutrient diffusion distance as fraction of sediment depth"
"315","macrophytes","sediment","stoichiometry","uptake_nutrients","pclake","fSedUptVegExp","parameters/fSedUptVegExp","-","-0.83","1.0.0","Exponent_in_sigm_regr_for_sediment_fraction_of_nutrient_uptake"
"316","macrophytes","sediment","stoichiometry","uptake_nutrients","pclake","fSedUptVegMax","parameters/fSedUptVegMax","-","0.998","1.0.0","Maximum_sediment_fraction_of_nutrient_uptake"
"317","macrophytes","sediment","stoichiometry","uptake_nutrients","pclake","fSedUptVegCoef","parameters/fSedUptVegCoef","-","2.66","1.0.0","Sigm_regr_coeff_for_sediment_fraction_of_nutrient_uptake"
"318","zoobenthos","sediment","grazing","egestation","wet","fDissEgesBent","{group_name}/parameters/fDissEgesBent","-","0.25","1","soluble inorg. nut. fract. of egested food"
"319","phytoplankton","water","light","light_attenuation","aed2","KePHY","phyto_data/pd%KePHY","mmol C m-3 m-1","0.0022","1.0.0","attenuation_coefficient"
"320","zoobenthos","sediment","mortality","nutrient_ratio","wet","fDissMortBent","{group_name}/parameters/fDissMortBent","-","0.1","1","soluble inorg. nut. fract. of dead ind."
"321","macrophytes","sediment","water_sediment_exchange","resuspension","pclake","kVegResus","parameters/kVegResus","m^2*gDW^-1","0.01","1.0.0","Rel_resuspension_reduction_per_g_vegetation"
"322","macrophytes","sediment_marsh","initial_conditions","initial_macrophytes","pclake","sDDetSM0","initialstates/sDDetSM0","gDW*m^-2","","1.0.0","Detritus_DW_in_marsh_sediment"
"323","macrophytes","sediment_marsh","initial_conditions","initial_macrophytes","pclake","sDHumSM0","initialstates/sDHumSM0","gDW*m^-2","","1.0.0","Humus_DW_in_marsh_sediment"
"324","macrophytes","sediment_marsh","initial_conditions","initial_macrophytes","pclake","sDIMSM0","initialstates/sDIMSM0","gDW*m^-2","","1.0.0","Inorganic_matter_in_marsh_sediment"
"325","macrophytes","sediment_marsh","marsh","exchange_rate","pclake","kExchMaxM","parameters/kExchMaxM","m^3*m^-3*d^-1","1","1.0.0","Maximum_dispersive_marsh_water_exchange_coefficient"
"326","macrophytes","water","areal_coverage","areal_coverage","pclake","cCovSpPhra","parameters/cCovSpPhra","gDW^-1*m^-2","0.1","1.0.0","Specific_coverage"
"327","macrophytes","water","areal_coverage","areal_coverage","pclake","cCovSpVeg","parameters/cCovSpVeg","gDW^-1*m^2","0.5","1.0.0","Specific_cover"
"328","macrophytes","water","growth","allocation_reeds","pclake","kDAllPhra","parameters/kDAllPhra","d^-1","0.05","1.0.0","Allocation_rate"
"329","macrophytes","water","growth","allocation_reeds","pclake","kDRealPhra","parameters/kDRealPhra","d^-1","0.05","1.0.0","Reallocation_rate_day"
"330","macrophytes","water","growth","allocation_reeds","pclake","fDAllPhra","parameters/fDAllPhra","-","0.3","1.0.0","Allocation_fraction"
"331","macrophytes","water","growth","allocation_reeds","pclake","fDRealPhra","parameters/fDRealPhra","-","0.85","1.0.0","Reallocated_fraction_day"
"332","macrophytes","water","growth","depth_restriction","pclake","fDepth1Veg","parameters/fDepth1Veg","-","0","1.0.0","Max_upper_depth_of_submerged_veget_layer_as_fraction_of_water_depth"
"333","macrophytes","water","growth","depth_restriction","pclake","fDepth2Veg","parameters/fDepth2Veg","-","1","1.0.0","Max_lower_depth_of_submerged_veget_layer_as_fraction_of_water_depth"
"334","macrophytes","water","growth","equation_options_growth","pclake","InclVeg","parameters/InclVeg","(integer)","1","1.0.0","Include_vegetation_module"
"335","macrophytes","water","growth","growth_rate","pclake","cMuPhraMax","parameters/cMuPhraMax","d^-1","0.03","1.0.0","Maximum_growth_rate_reed"
"336","macrophytes","water","growth","growth_rate","pclake","cMuMaxVeg","parameters/cMuMaxVeg","gDW*gDW^-1*d^-1","0.2","1.0.0","Maximum_growth_rate_of_vegetation_at_20oC"
"337","macrophytes","water","growth","light_limitation","pclake","cPhotInitVeg","parameters/cPhotInitVeg","h","12","1.0.0","Hours_in_day_for_initial_growth__photoperiod_"
"338","macrophytes","water","growth","light_limitation","pclake","hLRefVeg","parameters/hLRefVeg","J*s^-1*m^-2","13","1.0.0","Half-sat_light_at_20_oC"
"339","macrophytes","water","growth","light_limitation","pclake","cLAlloVeg","parameters/cLAlloVeg","J*s^-1*m^-1","50.1","1.0.0","Integrated_relativized_light_level_at_which_the_plant_will_start_summer_regrowth_strategy"
"340","macrophytes","water","growth","phenology","pclake","fWinVeg","parameters/fWinVeg","-","0.3","1.0.0","Fraction_surviving_in_winter"
"341","macrophytes","water","growth","phenology","pclake","fDayWin","parameters/fDayWin","-","0.52","1.0.0","Start_autumn"
"342","macrophytes","water","growth","phenology","pclake","cLengAllo","parameters/cLengAllo","d","15","1.0.0","Duration_of_allocation_and_reallocation_phase"
"343","macrophytes","water","growth","phenology","pclake","cLengMort","parameters/cLengMort","d","15","1.0.0","Duration_of_autumn_mortality_period"
"344","macrophytes","water","growth","phenology","pclake","cVegInitLen","parameters/cVegInitLen","d","22","1.0.0","Number_of_days_until_plant_is_allowed_to_break_from_summer_mode_and_redo_initial_allocation_given_summer_has_ended_and_restarted"
"345","macrophytes","water","growth","phenology","pclake","cVegWinLen","parameters/cVegWinLen","d","22","1.0.0","Number_of_days_until_plant_is_allowed_to_break_from_winter_mode_and_redo_winter_allocation_given_winter_has_ended_and_restarted"
"346","macrophytes","water","growth","phenology","pclake","cDayWinPhra","parameters/cDayWinPhra","d","259","1.0.0","Begin_autumn(16_Sept)"
"347","macrophytes","water","growth","phenology","pclake","cDayWinVeg","parameters/cDayWinVeg","d","259","1.0.0","End_of_growing_season_=_16_Sep"
"348","macrophytes","water","growth","temperature_limitation","pclake","cQ10ProdVeg","parameters/cQ10ProdVeg","-","1.2","1.0.0","Temperature_quotient_of_production"
"349","macrophytes","water","growth","temperature_limitation","pclake","cQ10ProdPhra","parameters/cQ10ProdPhra","-","2","1.0.0","Temp_quotient_of_production"
"350","macrophytes","water","growth","temperature_limitation","pclake","cTmInitPhra","parameters/cTmInitPhra","oC","8","1.0.0","Temp_start_initial_growth"
"351","macrophytes","water","growth","temperature_limitation","pclake","cTmInitVeg","parameters/cTmInitVeg","oC","9","1.0.0","Temperature_for_initial_growth"
"352","macrophytes","water","growth","temperature_limitation","pclake","cSigTmVeg","parameters/cSigTmVeg","oC","20","1.0.0","Temperature_constant_vegetation(sigma_in_Gaussian_curve)"
"353","macrophytes","water","growth","temperature_limitation","pclake","cTmOptVeg","parameters/cTmOptVeg","oC","20","1.0.0","Optimum_temperature_of_vegetation"
"354","macrophytes","water","initial_conditions","initial_macrophytes","pclake","cPDPhra0","initialstates/cPDPhra0","gP*gDW^-1","0.002","1.0.0","Initial_P/day_ratio_of_reed"
"355","macrophytes","water","initial_conditions","initial_macrophytes","pclake","cPDVeg0","initialstates/cPDVeg0","gP*gDW^-1","0.002","1.0.0","Initial_P_fraction_in_veg"
"356","macrophytes","water","initial_conditions","initial_macrophytes","pclake","cNDPhra0","initialstates/cNDPhra0","gN*gDW^-1","0.02","1.0.0","Initial_N/day_ratio_of_reed"
"357","macrophytes","water","initial_conditions","initial_macrophytes","pclake","cNDVeg0","initialstates/cNDVeg0","gN*gDW^-1","0.02","1.0.0","Initial_N_fraction_in_veg"
"358","macrophytes","water","initial_conditions","initial_macrophytes","pclake","sDShootPhra0","initialstates/sDShootPhra0","gDW*m^-2","","1.0.0","Shoot_biomass_DW_in_marsh_water"
"359","macrophytes","water","initial_conditions","initial_macrophytes","pclake","sDVeg0","initialstates/sDVeg0","gDW*m^-2","","1.0.0","Vegetation_DW_in_lake_water"
"360","macrophytes","water","initial_conditions","initial_macrophytes","pclake","sNShootPhra0","initialstates/sNShootPhra0","gN*m^-2","","1.0.0","Shoot_biomass_N_in_marsh_water"
"361","macrophytes","water","initial_conditions","initial_macrophytes","pclake","sNVeg0","initialstates/sNVeg0","gN*m^-2","","1.0.0","Vegetation_N_in_lake_water"
"362","macrophytes","water","initial_conditions","initial_macrophytes","pclake","sPShootPhra0","initialstates/sPShootPhra0","gP*m^-2","","1.0.0","Shoot_biomass_P_in_marsh_water"
"363","macrophytes","water","initial_conditions","initial_macrophytes","pclake","sPVeg0","initialstates/sPVeg0","gP*m^-2","","1.0.0","Vegetation_P_in_lake_water"
"364","macrophytes","water","initial_conditions","initial_macrophytes","pclake","sVegHeight0","initialstates/sVegHeight0","m","","1.0.0","Height_of_the_vegetation"
"365","macrophytes","water","initial_conditions","initial_macrophytes","pclake","uDVeg0","initialstates/uDVeg0","gDW*m^-2","","1.0.0","Total_initial_DW_vegetation_in_the_lake"
"366","macrophytes","water","initial_conditions","initial_macrophytes","pclake","uNVeg0","initialstates/uNVeg0","gN*m^-2","","1.0.0","Total_initial_N_vegetation_in_the_lake"
"367","macrophytes","water","initial_conditions","initial_macrophytes","pclake","uPVeg0","initialstates/uPVeg0","gP*m^-2","","1.0.0","Total_initial_P_vegetation_in_the_lake"
"368","macrophytes","water","initial_conditions","maximum_concentration","pclake","cDCarrVeg","parameters/cDCarrVeg","gDW*m^-2","1000","1.0.0","Max_vegetation_standing_crop"
"369","macrophytes","water","light","light_attenuation","pclake","fVegShade","parameters/fVegShade","-","0","1.0.0","Fraction_reduction_of_light_reaching_plants"
"370","macrophytes","water","light","light_attenuation","pclake","cExtSpVeg","parameters/cExtSpVeg","m^2*gDW^-1","0.01","1.0.0","Specific_extinction_of_vegetation"
"371","macrophytes","water","management","mowing","pclake","cDayManVeg1","parameters/cDayManVeg1","d","-9999000","1.0.0","First_mowing_day_(default_non-existent)"
"372","macrophytes","water","management","mowing","pclake","cDayManVeg2","parameters/cDayManVeg2","d","-9999000","1.0.0","Second_mowing_day_(Note_259_=_16_Sep)"
"373","macrophytes","water","management","mowing","pclake","fManPhra","parameters/fManPhra","d^-1","0","1.0.0","Fraction_biomass_loss_by_management"
"374","macrophytes","water","management","mowing","pclake","fManVeg","parameters/fManVeg","-","0","1.0.0","Fraction_removed_by_management_for_submerged_plants"
"375","macrophytes","water","management","mowing","pclake","kDManShootPhra","parameters/kDManShootPhra","d^-1","1","1.0.0","Rate_of_management"
"376","macrophytes","water","management","mowing","pclake","cLengMan","parameters/cLengMan","d","10","1.0.0","Length_of_mowing_period"
"377","macrophytes","water","management","mowing","pclake","cDayManPhra","parameters/cDayManPhra","d","255","1.0.0","Time_of_management"
"378","macrophytes","water","marsh","equation_options_marsh","pclake","InclMarsh","parameters/InclMarsh","(integer)","1","1.0.0","Include_marsh_zone_module"
"379","macrophytes","water","migration","migration","pclake","kMigrVeg","parameters/kMigrVeg","d^-1","0.001","1.0.0","Vegetation_migration_rate"
"380","macrophytes","water","migration","migration","pclake","cDVegIn","parameters/cDVegIn","gDW*m^-2","1","1.0.0","External_vegetation_density"
"381","macrophytes","water","mortality","bird_grazing","pclake","cPrefVegBird","parameters/cPrefVegBird","-","1","1.0.0","Edibility_for_birds"
"382","macrophytes","water","mortality","mortality_rate","pclake","kDMortShootPhra","parameters/kDMortShootPhra","d^-1","0","1.0.0","Mortality_rate_shoots"
"383","macrophytes","water","mortality","mortality_rate","pclake","kDMortRootPhra","parameters/kDMortRootPhra","d^-1","0.000391","1.0.0","Mortality_rate_roots"
"384","macrophytes","water","mortality","mortality_rate","pclake","kMortVegSum","parameters/kMortVegSum","d^-1","0.005","1.0.0","Vegetation_mortality_rate_in_Spring_and_Summer_(low)"
"385","macrophytes","water","respiration","respiration_rate","pclake","kDRespPhra","parameters/kDRespPhra","d^-1","0.001","1.0.0","Respiration_rate_of_reed"
"386","macrophytes","water","respiration","respiration_rate","pclake","kDRespVeg","parameters/kDRespVeg","d^-1","0.016","1.0.0","Dark_respiration_rate_of_vegetation"
"387","macrophytes","water","respiration","respiration_rate","pclake","cQ10RespVeg","parameters/cQ10RespVeg","-","2","1.0.0","Temperature_quotient_of_respiration"
"388","macrophytes","water","respiration","respiration_rate","pclake","cQ10RespPhra","parameters/cQ10RespPhra","1^[oC^-1]","2.5","1.0.0","Temp_quotient_of_respiration"
"389","macrophytes","water","stoichiometry","emerging_fraction","pclake","fEmergVeg","parameters/fEmergVeg","gDW*gDW^-1","0","1.0.0","Emergent_fraction_of_shoot"
"390","macrophytes","water","stoichiometry","equation_options_uptake_nutrients","pclake","UseEmpUpt","parameters/UseEmpUpt","(integer)","0","1.0.0","False_=_do_not_use_this_empirical_relation"
"391","macrophytes","water","stoichiometry","floating_fraction","pclake","cDLayerVeg","parameters/cDLayerVeg","gDW*m^-2","0","1.0.0","Biomass_of_a_single_layer_floating_leaves"
"392","macrophytes","water","stoichiometry","floating_fraction","pclake","fFloatVeg","parameters/fFloatVeg","gDW*gDW^-1","0","1.0.0","Floating_fraction_of_shoot"
"393","macrophytes","water","stoichiometry","height","pclake","cVegHeightWin","parameters/cVegHeightWin","m","2","1.0.0","Height_of_vegetation_in_Winter"
"394","macrophytes","water","stoichiometry","height","pclake","cVegHeight","parameters/cVegHeight","m","3","1.0.0","Height_of_vegetation_in_summer"
"395","macrophytes","water","stoichiometry","height","pclake","cVegMaxHeight","parameters/cVegMaxHeight","m","3","1.0.0","Maximum_height_of_vegetation"
"396","macrophytes","water","stoichiometry","nitrogen_ratio","pclake","cNDPhraMin","parameters/cNDPhraMin","-","0.008","1.0.0","MinPhra_N/day_-ratio"
"397","macrophytes","water","stoichiometry","nitrogen_ratio","pclake","cNDVegMin","parameters/cNDVegMin","gN*gDW^-1","0.01","1.0.0","Minimum_N/day_ratio_vegetation"
"398","macrophytes","water","stoichiometry","nitrogen_ratio","pclake","cNDPhraMax","parameters/cNDPhraMax","-","0.03","1.0.0","MaxPhra_N/day_-ratio"
"399","macrophytes","water","stoichiometry","nitrogen_ratio","pclake","cNDVegMax","parameters/cNDVegMax","gN*gDW^-1","0.035","1.0.0","Maximum_N/day_ratio_vegetation"
"400","macrophytes","water","stoichiometry","nutrient_ratio","pclake","fDetWMortVeg","parameters/fDetWMortVeg","-","0.1","1.0.0","Fraction_of_shoot_mortality_becoming_water_detritus"
"401","macrophytes","water","stoichiometry","nutrient_ratio","pclake","fDissMortVeg","parameters/fDissMortVeg","-","0.25","1.0.0","Fraction_dissolved_nutrients_from_died_plants"
"402","macrophytes","water","stoichiometry","phosphorus_ratio","pclake","cPDPhraMin","parameters/cPDPhraMin","-","8.00E-04","1.0.0","MinPhra_P/day_-ratio"
"403","macrophytes","water","stoichiometry","phosphorus_ratio","pclake","cPDVegMin","parameters/cPDVegMin","gP*gDW^-1","8.00E-04","1.0.0","Minimum_P/day_ratio_vegetation"
"404","macrophytes","water","stoichiometry","phosphorus_ratio","pclake","cPDPhraMax","parameters/cPDPhraMax","-","0.003","1.0.0","MaxPhra_P/day_-ratio"
"405","macrophytes","water","stoichiometry","phosphorus_ratio","pclake","cPDVegMax","parameters/cPDVegMax","gP*gDW^-1","0.0035","1.0.0","Maximum_P/day_ratio_vegetation"
"406","macrophytes","water","stoichiometry","root_fraction","pclake","fRootVegSum","parameters/fRootVegSum","gDW*gDW^-1","0.1","1.0.0","Root_fraction_outside_growing_season"
"407","macrophytes","water","stoichiometry","root_fraction","pclake","fRootVegWin","parameters/fRootVegWin","gDW*gDW^-1","0.6","1.0.0","Root_fraction_outside_growing_season"
"408","macrophytes","water","stoichiometry","shoot_fraction","pclake","cDShootPhraMax","parameters/cDShootPhraMax","gDW*m^-2","3500","1.0.0","Max_shoot_biomass_of_reed"
"409","macrophytes","water","stoichiometry","stem","pclake","cDStemVeg","parameters/cDStemVeg","gDW*m^-1","1.97","1.0.0","Weight_of_stem_per_m_of_length_grown"
"410","macrophytes","water","stoichiometry","stem","pclake","cDStemPhra","parameters/cDStemPhra","gDW*m^-1","6","1.0.0","Average_stem_weight"
"411","macrophytes","water","stoichiometry","stem","pclake","cDensVeg","parameters/cDensVeg","m^-2","10","1.0.0","Density_of_vegetation_stems_per_m2"
"412","macrophytes","water","stoichiometry","stem","pclake","cDensStemPhra","parameters/cDensStemPhra","m^-2","61.5","1.0.0","Density_stem(+/-_139)"
"413","macrophytes","water","stoichiometry","uptake_n","pclake","cAffNUptPhra","parameters/cAffNUptPhra","m^3*gDW^-1*d^-1","2.00E-04","1.0.0","N_uptake_affinity_reed"
"414","macrophytes","water","stoichiometry","uptake_n","pclake","cVNUptMaxVeg","parameters/cVNUptMaxVeg","gN*gDW^-1*d^-1","0.1","1.0.0","Maximum_N_uptake_capacity_of_vegetation"
"415","macrophytes","water","stoichiometry","uptake_n","pclake","cVNUptPhraMax","parameters/cVNUptPhraMax","gN*gDW^-1*d^-1","0.1","1.0.0","Max_uptake_rate_N_001"
"416","macrophytes","water","stoichiometry","uptake_n","pclake","cAffNUptVeg","parameters/cAffNUptVeg","m^3*gDW^-1*d^-1","0.2","1.0.0","Initial_N_uptake_affinity_vegetation"
"417","macrophytes","water","stoichiometry","uptake_p","pclake","cAffPUptPhra","parameters/cAffPUptPhra","m^3*gDW^-1*d^-1","2.00E-04","1.0.0","P_uptake_affinity_reed"
"418","macrophytes","water","stoichiometry","uptake_p","pclake","cVPUptMaxVeg","parameters/cVPUptMaxVeg","gP*gDW^-1*d^-1","0.01","1.0.0","Maximum_P_uptake_capacity_of_vegetation"
"419","macrophytes","water","stoichiometry","uptake_p","pclake","cVPUptPhraMax","parameters/cVPUptPhraMax","gP*gDW^-1","0.01","1.0.0","Max_uptake_rate_P_0001"
"420","macrophytes","water","stoichiometry","uptake_p","pclake","cAffPUptVeg","parameters/cAffPUptVeg","m^3*gDW^-1*d^-1","0.2","1.0.0","Initial_P_uptake_affinity_vegetation"
"421","macrophytes","water_marsh","initial_conditions","initial_macrophytes","pclake","sDDetWM0","initialstates/sDDetWM0","gDW*m^-2","","1.0.0","Detritus_DW_in_marsh_water"
"422","macrophytes","water_marsh","initial_conditions","initial_macrophytes","pclake","sDIMWM0","initialstates/sDIMWM0","gDW*m^-2","","1.0.0","Inorganic_matter_in_marsh_water"
"423","macrophytes","water_marsh","initial_conditions","initial_macrophytes","pclake","sDepthWM0","initialstates/sDepthWM0","m","","1.0.0","Depth_of_marsh_water"
"424","macrophytes","water_marsh","initial_conditions","initial_macrophytes","pclake","uDTotM0","initialstates/uDTotM0","gDW*m^-2","","1.0.0","Total_initial_DW_in_the_marsh"
"425","macrophytes","sediment","stoichiometry","nutrient_ratio","wet","fDissMortVeg","{group_name}/parameters/fDissMortVeg","-","0.25","1","dissolved inorganic nutrient fraction of dead plants"
"426","phytoplankton","water","growth","equation_options_light_limitation","aed2","lightModel","phyto_data/pd%lightModel","(integer)","0","1.0.0","1: ; 2:"
"427","nitrogen","sediment","denitrification","refractory_fractions","pclake","fRefrDetS","parameters/fRefrDetS","-","0.15","1.0.0","Refractory_fraction_of_sed_detritus"
"428","nitrogen","sediment","denitrification","refractory_fractions","selmaprotbas","fds","selmaprotbas/parameters/fds","-","0.7","1.0.0","fraction of sediment remineralization fueled by denitrification"
"429","phytoplankton","water","growth","n_limitation","aed2","N_o","phyto_data/pd%N_o","mmol N m-2","0","1.0.0","minimum nitrogen concentration for uptake"
"430","nitrogen","sediment","initial_conditions","initial_ammonium","pclake","sNH4S0","initialstates/sNH4S0","gN*m^-2","","1.0.0","N_in_NH4_in_lake_sediment_pore_water"
"431","carbon","sediment","sediment_characteristics","sediment_composition","wet","nPOM","burial/parameters/Npom","","2","2.3",""
"432","macrophytes","sediment","growth","phenology","wet","fEmergVeg","{group_name}/parameters/fEmergVeg","gfloating/gshoot","0","1","emergent fraction of shoot"
"433","nitrogen","sediment","initial_conditions","initial_humus","pclake","sNHumS0","initialstates/sNHumS0","gN*m^-2","","1.0.0","Humus_N_in_lake_sediment"
"434","phosphorus","sediment","absorption","inorganic_matter_composition","wet","fFeDIM","abiotic_sediment/parameters/fFeDIM","gFe/gD","0.04","1","Fe content of inorganic matter"
"435","nitrogen","sediment","initial_conditions","initial_nitrate","pclake","sNO3S0","initialstates/sNO3S0","gN*m^-2","","1.0.0","N_in_NO3_in_lake_sediment_pore_water"
"436","phosphorus","water","absorption","inorganic_matter_composition","wet","fFeDIMW","abiotic_water/parameters/fFeDIMW","gFe/gDW","0.01","1","Fe content of inorganic matter"
"437","nitrogen","sediment","initial_conditions","initial_nitrogen","selmaprotbas","fl_n","selmaprotbas/initialization/fl_n","mmol N m-2","30","1.0.0","initial nitrogen fluff (= active sediment)"
"438","nitrogen","sediment","initial_conditions","initial_pom","pclake","sNDetS0","initialstates/sNDetS0","gN*m^-2","","1.0.0","Detritus_N_in_lake_sediment"
"439","nitrogen","sediment","nitrification","nitrification","pclake","kNitrS","parameters/kNitrS","d^-1","1","1.0.0","Nitrification_rate_constant_in_sediment"
"440","nitrogen","sediment","sediment_characteristics","sediment_composition","pclake","cNDSoilOM","parameters/cNDSoilOM","gN*gDW^-1","0.01","1.0.0","N/day_ratio_of_soil_organic_matter"
"441","macrophytes","sediment","growth","phenology","wet","fFloatVeg","{group_name}/parameters/fFloatVeg","gfloating/gshoot","0","1","floating fraction of shoot"
"442","carbon","sediment","sediment_characteristics","sediment_composition","wet","nPOMexch","burial/parameters/nPOMexch","","1","2.3",""
"443","carbon","sediment","sediment_characteristics","sediment_composition","wet","nDOM","burial/parameters/Ndom","","1","2.3",""
"444","phytoplankton","water","vertical_movement","equation_options_vertical_velocity","selmaprotbas","buoy_nutrient","{group_name}/parameters/buoy_nutrient","(boolean)","FALSE","1.0.0","whether nutrient limitation can regulate buoyancy;  if buoyancy_regulation is true"
"445","phytoplankton","water","growth","p_limitation","aed2","P_0","phyto_data/pd%P_0","mmol P m-3","0","1.0.0","minimum phosphorus concentration for uptake"
"446","phytoplankton","water","vertical_movement","vertical_velocity","selmaprotbas","buoy_nutrient_limit","{group_name}/parameters/buoy_nutrient_limit","-","0","1.0.0","if nutrient limitation falls below this value (0-1);  vertical velocity is set to vert_vel_nutrient;  if buoyancy_regulation = true"
"447","nitrogen","sediment","water_sediment_exchange","sediment_flux_ammonium","aed2","theta_sed_amm","aed2_nitrogen/theta_sed_amm","?","1.07","1.0.0","Arrhenius temperature multiplier for ammonium sediment flux"
"448","nitrogen","sediment","water_sediment_exchange","sediment_flux_ammonium","aed2","Fsed_amm","aed2_nitrogen/Fsed_amm","?","22","1.0.0","Sediment-water flux for ammonium"
"449","nitrogen","sediment","water_sediment_exchange","sediment_flux_ammonium","aed2","Ksed_amm","aed2_nitrogen/Ksed_amm","mmol m-3","15","1.0.0","saturation concentration in ammonium sediment flux equation"
"450","nitrogen","sediment","water_sediment_exchange","sediment_flux_n2o","aed2","Fsed_n2o","aed2_nitrogen/Fsed_n2o","?","0","1.0.0","Sediment-water flux for n2o"
"451","nitrogen","sediment","water_sediment_exchange","sediment_flux_n2o","aed2","Ksed_n2o","aed2_nitrogen/Ksed_n2o","?","100","1.0.0","saturation concentration in n2o sediment equation"
"452","nitrogen","sediment","water_sediment_exchange","sediment_flux_nitrate","aed2","theta_sed_nit","aed2_nitrogen/theta_sed_nit","?","1.07","1.0.0","Arrhenius temperature multiplier for nitrate sediment flux"
"453","nitrogen","sediment","water_sediment_exchange","sediment_flux_nitrate","aed2","Fsed_nit","aed2_nitrogen/Fsed_nit","?","-7","1.0.0","Sediment-water flux for nitrate"
"454","nitrogen","sediment","water_sediment_exchange","sediment_flux_nitrate","aed2","Ksed_nit","aed2_nitrogen/Ksed_nit","mmol m-3","15","1.0.0","saturation concentration in nitrate sediment flux equation"
"455","nitrogen","sediment_marsh","initial_conditions","initial_ammonium","pclake","sNH4SM0","initialstates/sNH4SM0","gN*m^-2","","1.0.0","N_in_NH4_in_marsh_sediment_pore_water"
"456","nitrogen","sediment_marsh","initial_conditions","initial_humus","pclake","sNHumSM0","initialstates/sNHumSM0","gN*m^-2","","1.0.0","Humus_N_in_marsh_sediment"
"457","nitrogen","sediment_marsh","initial_conditions","initial_nitrate","pclake","sNO3SM0","initialstates/sNO3SM0","gN*m^-2","","1.0.0","N_in_NO3_in_marsh_sediment_pore_water"
"458","nitrogen","sediment_marsh","initial_conditions","initial_pom","pclake","sNDetSM0","initialstates/sNDetSM0","gN*m^-2","","1.0.0","Detritus_N_in_marsh_sediment"
"459","nitrogen","water","ammonification","ammonification","pclake","O2PerNO3","parameters/O2PerNO3","-","1.5","1.0.0","Mol_O2_formed_per_mol_NO3-_ammonified"
"460","nitrogen","water","ammonium_oxidation","ammonium_oxidation","aed2","Kpart_ammox","aed2_nitrogen/Kpart_ammox","?","1","1.0.0","saturation concentration in ammonium oxidation equation"
"461","nitrogen","water","anammox","anammox","aed2","Ranammox","aed2_nitrogen/Ranammox","?","0.001","1.0.0","anaerobic ammonium oxidation rate"
"462","nitrogen","water","anammox","anammox","aed2","Kin_deamm","aed2_nitrogen/Kin_deamm","?","1","1.0.0","saturation concentration in deammonification equation"
"463","nitrogen","water","anammox","anammox","aed2","Kanmx_amm","aed2_nitrogen/Kanmx_amm","?","2","1.0.0","saturation concentration in anammox equation for ammonium"
"464","nitrogen","water","anammox","anammox","aed2","Kanmx_nit","aed2_nitrogen/Kanmx_nit","?","2","1.0.0","saturation concentration in anammox equation for nitrate"
"465","phytoplankton","water","vertical_movement","equation_options_vertical_movement","wet","fLVMmin","{group_name}/parameters/fLVMmin","W/m2","0.025","1","qTrans > 2; minimum detectable PAR level"
"466","nitrogen","water","denitrification","denitrification","selmaprotbas","ade_r0","selmaprotbas/parameters/ade_r0","d-1","0.1","1.0.0","maximum chemoautolithotrophic denitrification rate"
"467","nitrogen","water","denitrification","denitrification","aed2","Rdenit","aed2_nitrogen/Rdenit","d-1","0.2","1.0.0","maximum reaction rate of denitrification @ 20C"
"468","nitrogen","water","denitrification","denitrification","pclake","NO3PerC","parameters/NO3PerC","-","0.8","1.0.0","Mol_NO3_denitrified_per_mol_C_mineralised"
"469","nitrogen","water","denitrification","denitrification","selmaprotbas","alphaade","selmaprotbas/parameters/alphaade","mmol N m-3","1","1.0.0","half-saturation constant for chemoautolithotrophic denitrification"
"470","nitrogen","water","denitrification","denitrification","aed2","theta_denit","aed2_nitrogen/theta_denit","-","1.07","1.0.0","Arrhenius temperature multiplier for denitrification"
"471","nitrogen","water","denitrification","denitrification","pclake","hNO3Denit","parameters/hNO3Denit","gN*m^-3","2","1.0.0","Quadratic_half-sat_NO3_conc_for_denitrification"
"472","nitrogen","water","denitrification","denitrification","aed2","Kdenit","aed2_nitrogen/Kdenit","mmol m-3","18","1.0.0","saturation concentration in denitrification equation"
"473","phosphorus","sediment","absorption","absorption","wet","fRedMaxS","abiotic_sediment/parameters/fRedMaxS","-","0.96","1","max. reduction factor of P adsorption affinity"
"474","phosphorus","water","absorption","absorption","wet","fRedMaxW","abiotic_water/parameters/fRedMaxW","-","0.9","1","maximum reduction factor of P adsorption affinity"
"475","nitrogen","water","denitrification","nitrate_reduc_to_ammonium","aed2","Rdnra","aed2_nitrogen/Rdnra","?","0.01","1.0.0","rate of dissimilatory nitrate reduction to ammonium"
"476","nitrogen","water","denitrification","nitrate_reduc_to_ammonium","aed2","Kdnra_oxy","aed2_nitrogen/Kdnra_oxy","?","2","1.0.0","saturation concentration in DNRA equation"
"477","nitrogen","water","initial_conditions","initial_ammonium","aed2","amm_initial","aed2_nitrogen/amm_initial","mmol N m-3","2.6","1.0.0","initial NH4 concentration"
"478","nitrogen","water","initial_conditions","initial_ammonium","selmaprotbas","aa","selmaprotbas/initialization/aa","mmol N m-3","0.85","1.0.0","initial dissolved ammonium in the water column"
"479","nitrogen","water","initial_conditions","initial_ammonium","pclake","sNH4WEpi0","initialstates/sNH4WEpi0","gN*m^-2","","1.0.0","N_in_NH4_in_epilimnion_lake_water"
"480","nitrogen","water","initial_conditions","initial_ammonium","pclake","sNH4WHyp0","initialstates/sNH4WHyp0","gN*m^-2","","1.0.0","N_in_NH4_in_hypolimnion_lake_water"
"481","nitrogen","water","initial_conditions","initial_humus","pclake","cNDHum0","initialstates/cNDHum0","gN*gDW^-1","0.05","1.0.0","Initial_N_fraction_in_humus"
"482","nitrogen","water","initial_conditions","initial_n2o","aed2","n2o_initial","aed2_nitrogen/n2o_initial","?","0.1","1.0.0","initial n2o in the water column"
"483","nitrogen","water","initial_conditions","initial_nitrate","aed2","nit_initial","aed2_nitrogen/nit_initial","mmol N m-3","0.1","1.0.0","initial NO3 concentration"
"484","nitrogen","water","initial_conditions","initial_nitrate","selmaprotbas","nn","selmaprotbas/initialization/nn","mmol N m-3","3.5","1.0.0","initial dissolved nitrate in the water column"
"485","nitrogen","water","initial_conditions","initial_nitrate","pclake","sNO3WEpi0","initialstates/sNO3WEpi0","gN*m^-2","","1.0.0","N_in_NO3_in_epilimnion_lake_water"
"486","nitrogen","water","initial_conditions","initial_nitrate","pclake","sNO3WHyp0","initialstates/sNO3WHyp0","gN*m^-2","","1.0.0","N_in_NO3_in_hypolimnion_lake_water"
"487","macrophytes","sediment","growth","phenology","wet","fRootVegSum","{group_name}/parameters/fRootVegSum","groot/gveg","0.1","1","root fraction during growing season"
"488","nitrogen","water","initial_conditions","initial_nitrogen","pclake","sNExtTotT0","initialstates/sNExtTotT0","gN*m^-2","","1.0.0","Total_amount_of_N_moved_into_or_out_from_the_system"
"489","nitrogen","water","initial_conditions","initial_nitrogen","pclake","uNTotT0","initialstates/uNTotT0","gN*m^-2","","1.0.0","Total_initial_N_in_the_lake"
"490","nitrogen","water","initial_conditions","initial_nitrogen","pclake","uNTotTHyp0","initialstates/uNTotTHyp0","gN*m^-2","","1.0.0","Total_initial_N_in_the_lake"
"491","nitrogen","water","initial_conditions","initial_nitrogen","pclake","uNTotTSurf0","initialstates/uNTotTSurf0","gN*m^-2","","1.0.0","Total_initial_N_at_the_surface"
"492","nitrogen","water","initial_conditions","initial_pom","pclake","cNDDet0","initialstates/cNDDet0","gN*gDW^-1","0.025","1.0.0","Initial_N_fraction_in_detritus"
"493","nitrogen","water","initial_conditions","initial_pom","selmaprotbas","dd_n","selmaprotbas/initialization/dd_n","mmol N m-3","0","1.0.0","initial detritus-N in the water column"
"494","nitrogen","water","initial_conditions","initial_pom","pclake","sNDetWEpi0","initialstates/sNDetWEpi0","gN*m^-2","","1.0.0","Detritus_N_in_epilimnion_lake_water"
"495","nitrogen","water","initial_conditions","initial_pom","pclake","sNDetWHyp0","initialstates/sNDetWHyp0","gN*m^-2","","1.0.0","Detritus_N_in_hypolimnion_lake_water"
"496","macrophytes","sediment","growth","phenology","wet","fRootVegWin","{group_name}/parameters/fRootVegWin","groot/gveg","0.6","1","root fraction outside of growing season"
"497","nitrogen","water","nitrification","equation_options","aed2","simN2O","aed2_nitrogen/simN2O","(integer)","0","1.0.0","1: ; 2:"
"498","nitrogen","water","nitrification","nitrification","aed2","Rn2o","aed2_nitrogen/Rn2o","?","0.05","1.0.0","reaction rate"
"499","nitrogen","water","nitrification","nitrification","pclake","kNitrW","parameters/kNitrW","d^-1","0.1","1.0.0","Nitrification_rate_constant_in_water"
"500","nitrogen","water","nitrification","nitrification","aed2","Rnitrif","aed2_nitrogen/Rnitrif","d-1","0.05","1.0.0","maximum reaction rate of nitrification @ 20C"
"501","nitrogen","water","nitrification","nitrification","aed2","Rnh4o2","aed2_nitrogen/Rnh4o2","?","1","1.0.0","reaction rate"
"502","nitrogen","water","nitrification","nitrification","aed2","Rno2o2","aed2_nitrogen/Rno2o2","?","1","1.0.0","reaction rate"
"503","nitrogen","water","nitrification","nitrification","aed2","theta_nitrif","aed2_nitrogen/theta_nitrif","-","1.07","1.0.0","Arrhenius temperature multiplier for nitrification"
"504","nitrogen","water","nitrification","nitrification","pclake","cThetaNitr","parameters/cThetaNitr","oC","1.08","1.0.0","Temperature_coefficient_of_nitrification"
"505","nitrogen","water","nitrification","nitrification","pclake","O2PerNH4","parameters/O2PerNH4","-","2","1.0.0","Mol_O2_used_per_mol_NH4+_nitrified"
"506","nitrogen","water","nitrification","nitrification","pclake","hO2Nitr","parameters/hO2Nitr","gO2*m^-3","2","1.0.0","Half-sat_O2_conc_for_nitrification_in_water"
"507","nitrogen","water","nitrification","nitrification","aed2","Knitrif","aed2_nitrogen/Knitrif","mmol m-3","15","1.0.0","saturation concentration for nitrification"
"508","macrophytes","sediment","growth","equation_options_growth","wet","fSedUptVegCoef","{group_name}/parameters/fSedUptVegCoef","-","2.66","1","lEmpUpt = .true.; sediment nutrient fraction sigma"
"509","macrophytes","sediment","growth","equation_options_growth","wet","fSedUptVegExp","{group_name}/parameters/fSedUptVegExp","-","-0.83","1","lEmpUpt = .true.; sediment nutrient fraction exp."
"510","macrophytes","sediment","growth","equation_options_growth","wet","fSedUptVegMax","{group_name}/parameters/fSedUptVegMax","-","0.5","1","lEmpUpt = .true.; max. sediment nutrient fraction"
"511","macrophytes","sediment","mortality","mineralization","wet","fTOMWMortVeg","{group_name}/parameters/fTOMWMortVeg","-","0.1","1","organic matter fraction of dead shoots"
"512","macrophytes","sediment","mortality","mineralization","wet","fVegDOMS","{group_name}/parameters/fVegDOMS","-","0","1","dissolved organic matter fraction of dead roots"
"513","nitrogen","water","water_atmosphere_exchange","n2o","aed2","atm_n2o","aed2_nitrogen/atm_n2o","?","3.20E-07","1.0.0","atmospheric concentration of n2o"
"514","nitrogen","water","water_atmosphere_exchange","n2o","aed2","n2o_piston_model","aed2_nitrogen/n2o_piston_model","(integer)","4","1.0.0","1: ; 2:"
"515","macrophytes","sediment","mortality","mineralization","wet","fVegDOMW","{group_name}/parameters/fVegDOMW","-","0","1","dissolved organic matter fraction of dead shoots"
"516","macrophytes","sediment","growth","phenology","wet","fWinVeg","{group_name}/parameters/fWinVeg","-","0.3","1","fraction surviving outside of growing season"
"517","nitrogen","water","water_sediment_exchange","diffusion","pclake","kNDifNO3","parameters/kNDifNO3","m^2*d^-1","8.60E-05","1.0.0","Mol_NO3_diffusion_constant"
"518","nitrogen","water","water_sediment_exchange","diffusion","pclake","kNDifNH4","parameters/kNDifNH4","m^2*d^-1","0.000112","1.0.0","Mol_NH4_diffusion_constant"
"519","nitrogen","water_marsh","initial_conditions","initial_ammonium","pclake","sNH4WM0","initialstates/sNH4WM0","gN*m^-2","","1.0.0","N_in_NH4_in_marsh_water"
"520","nitrogen","water_marsh","initial_conditions","initial_nitrate","pclake","sNO3WM0","initialstates/sNO3WM0","gN*m^-2","","1.0.0","N_in_NO3_in_marsh_water"
"521","nitrogen","water_marsh","initial_conditions","initial_nitrogen","pclake","uNTotM0","initialstates/uNTotM0","gN*m^-2","","1.0.0","Total_initial_N_in_the_marsh"
"522","nitrogen","water_marsh","initial_conditions","initial_pom","pclake","sNDetWM0","initialstates/sNDetWM0","gN*m^-2","","1.0.0","Detritus_N_in_marsh_water"
"523","oxygen","water","oxygen_consumption","BOD","wet","hO2BOD","humus/parameters/hO2BOD","mgO2/l","1","1","half saturation oxygen conc. for BOD"
"524","carbon","sediment","water_sediment_exchange","sediment_flux_dim","aed2","theta_sed_dic","aed2_carbon/theta_sed_dic","-","1.07","1.0.0","Arrhenius temperature multiplier for sediment dic flux"
"525","zoobenthos","sediment","grazing","grazing_rate","wet","hDFoodBent","{group_name}/parameters/hDFoodBent","g/m2","200","1","half-saturation food concentration"
"526","oxygen","sediment","water_sediment_exchange","diffusion","wet","cThetaDif","sediment_exchange/parameters/cThetaDif","1/e^*C","1.016","1","temperature coefficient for diffusion"
"527","oxygen","sediment","water_sediment_exchange","diffusion","wet","cTurbDifO2","abiotic_sediment/parameters/cTurbDifO2","-","5","1","bioturbation factor for oxygen diffusion"
"528","oxygen","sediment","water_sediment_exchange","diffusion","pclake","cTurbDifO2","parameters/cTurbDifO2","-","5","1.0.0","Bioturbation_factor_for_diffusion"
"529","oxygen","water","water_sediment_exchange","diffusion","pclake","kO2Dif","parameters/kO2Dif","m^2*d^-1","2.60E-05","1.0.0","Mol_O2_diffusion_constant"
"530","oxygen","sediment","water_sediment_exchange","diffusion","wet","kO2Dif","abiotic_sediment/parameters/kO2Dif","m2/d","0.00017","1","O2 diffusion constant at 20*C"
"531","oxygen","water","initial_conditions","inital_oxygen","pclake","sO2ExtTotT0","initialstates/sO2ExtTotT0","gO2*m^-2","","1.0.0","Total_amount_of_O2_moved_into_or_out_from_the_system"
"532","oxygen","water","initial_conditions","inital_oxygen","pclake","sO2WEpi0","initialstates/sO2WEpi0","gO2*m^-2","","1.0.0","Oxygen_in_epilimnion_lake_water"
"533","oxygen","water","initial_conditions","inital_oxygen","pclake","sO2WHyp0","initialstates/sO2WHyp0","gO2*m^-2","","1.0.0","Oxygen_in_hypolimnion_lake_water"
"534","oxygen","water","initial_conditions","inital_oxygen","pclake","uO2TotT0","initialstates/uO2TotT0","gO2*m^-2","","1.0.0","Total_initial_O2_in_the_marsh"
"535","oxygen","water","initial_conditions","inital_oxygen","pclake","uO2TotTHyp0","initialstates/uO2TotTHyp0","gO2*m^-2","","1.0.0","Total_initial_O2_in_the_marsh"
"536","oxygen","water_marsh","initial_conditions","inital_oxygen","pclake","sO2WM0","initialstates/sO2WM0","gO2*m^-2","","1.0.0","Oxygen_in_marsh_water"
"537","oxygen","water_marsh","initial_conditions","inital_oxygen","pclake","uO2TotM0","initialstates/uO2TotM0","gO2*m^-2","","1.0.0","Total_initial_Si_in_the_marsh"
"538","oxygen","water","initial_conditions","initial_oxygen","aed2","oxy_initial","aed2_oxygen/oxy_initial","mmol O2 m-3","225","1.0.0","-"
"539","oxygen","water","initial_conditions","initial_oxygen","selmaprotbas","o2","selmaprotbas/initialization/o2","mmol O2 m-3","225","1.0.0","-"
"540","oxygen","water","initial_conditions","initial_oxygen","wet","sO2W","abiotic_water/initialization/sO2W","g/m3","13","1","oxygen"
"541","oxygen","water","oxygen","max_oxygen","aed2","oxy_max","aed2_oxygen/oxy_max","mmol O2 m-3","500","1.0.0","-"
"542","oxygen","water","water_atmosphere_exchange","piston_velocity","selmaprotbas","pvel","selmaprotbas/parameters/pvel","m d-1","5","1.0.0","piston velocity"
"543","oxygen","water","water_atmosphere_exchange","reaeration_parameters","wet","cThetaAer","abiotic_water/parameters/cThetaAer","1/e^*C","1.011","1","temperature coefficient for reaeration"
"544","phytoplankton","water","vertical_movement","equation_options_vertical_movement","wet","fNutLimVMdown","{group_name}/parameters/fNutLimVMdown","-","0.675","1","qTrans > 3 or 4; threshold nut. limitation for downwards taxis"
"545","oxygen","water","water_atmosphere_exchange","reaeration_parameters","pclake","cAerLin","parameters/cAerLin","s*d^-1","-0.371","1.0.0","Coefficient_for_VWind_(is_negative)"
"546","oxygen","water","water_atmosphere_exchange","reaeration_parameters","pclake","kBlueSurfAer","parameters/kBlueSurfAer","m^2*gDW^-1","0.01","1.0.0","Reaeration_reduction_coeff_for_surface_blue"
"547","oxygen","water","water_atmosphere_exchange","reaeration_parameters","pclake","kFloatAer","parameters/kFloatAer","m^2*gDW^-1","0.01","1.0.0","Reaeration_reduction_coeff_for_floating_plant_biomass"
"548","macrophytes","sediment","growth","light_limitation","wet","hLRefVeg","{group_name}/parameters/hLRefVeg","W/m2","17","1","half-saturation PAR of macrophyte growth at 20*C"
"549","nitrogen","sediment","denitrification","denitrification","wet","hNO3DenitS","abiotic_sediment/parameters/hNO3DenitS","mgN/l","0.5","1","quadratic half-sat. NO3 conc. for denitrification"
"550","nitrogen","water","denitrification","denitrification","wet","hNO3DenitW","DOM/parameters/hNO3DenitW","mgN/l","1","1","quadratic half saturation NO3 conc. for denitrification"
"551","nitrogen","water","denitrification","denitrification","wet","hNO3DenitW","POM/parameters/hNO3DenitW","mgN/l","1","1","quadratic half saturation NO3 conc. for denitrification"
"552","nitrogen","water","denitrification","denitrification","wet","hNO3DenitW","humus/parameters/hNO3DenitW","mgN/l","1","1","quadratic half saturation NO3 conc. for denitrification"
"553","macrophytes","sediment","growth","oxygen_correction","wet","hO2BOD","{group_name}/parameters/hO2BOD","mgO2/l","1","1","half-saturation constant for oxygen conc. on BOD"
"554","oxygen","water","water_atmosphere_exchange","reaeration_parameters","pclake","cAerSquare","parameters/cAerSquare","s^2*m^-1*d^-1","0.0376","1.0.0","Coefficient_for_VWind^2"
"555","oxygen","water","water_atmosphere_exchange","reaeration_parameters","pclake","cAerRoot","parameters/cAerRoot","m^(1.5)*s^(0.5)*d^-1","0.727","1.0.0","Coefficient_for_VWind^05"
"556","oxygen","water","water_atmosphere_exchange","reaeration_parameters","pclake","cThetaAer","parameters/cThetaAer","1^[oC^-1]","1.024","1.0.0","Temperature_coeff_for_reaeration_(Downing_&_Truesdale_1955)"
"557","phytoplankton","water","vertical_movement","equation_options_vertical_movement","wet","fNutLimVMup","{group_name}/parameters/fNutLimVMup","-","0.75","1","qTrans > 2 or 4; threshold nut. limitation for upwards taxis"
"558","nitrogen","water","nitrification","nitrification","wet","hO2Nitr","abiotic_water/parameters/hO2Nitr","mgO2/l","2","1","half saturation oxygen conc. for nitrification"
"559","phytoplankton","water","vertical_movement","equation_options_vertical_movement","wet","qTrans","{group_name}/parameters/qTrans","-","0","1","Taxis method (1=const.; 2=Nut. taxis; 3=Light taxis; 4=N&L)"
"560","technical","","","","wet","hypsograph","abiotic_sediment/parameters/hypsograph","true or false"," true","1","indicate hypsograph presence/absence (true or false)"
"561","zoobenthos","sediment","grazing","grazing_rate","wet","kDAssBent","{group_name}/parameters/kDAssBent","1/d","0.1","1","maximum assimilation rate at 20*C"
"562","carbon","sediment","water_sediment_exchange","sediment_flux_dim","aed2","Ksed_dic","aed2_carbon/Ksed_dic","-","6.8","1.0.0","half-saturation concentration of dic sediment flux"
"563","carbon","sediment","water_sediment_exchange","sediment_flux_dim","aed2","Fsed_dic","aed2_carbon/Fsed_dic","-","100","1.0.0","Sediment-water flux for dic"
"564","carbon","sediment","water_sediment_exchange","sediment_flux_methane","aed2","theta_sed_ch4","aed2_carbon/theta_sed_ch4","-","1.07","1.0.0","Arrhenius temperature multiplier for sediment methane flux"
"565","carbon","sediment","water_sediment_exchange","sediment_flux_methane","aed2","Ksed_ch4","aed2_carbon/Ksed_ch4","-","30","1.0.0","half-saturation concentration of methane sediment flux"
"566","carbon","sediment","water_sediment_exchange","sediment_flux_methane","aed2","Fsed_ch4","aed2_carbon/Fsed_ch4","-","10","1.0.0","Sediment-water flux for methane"
"567","carbon","water","vertical_movement","sedimentation","selmaprotbas","wdz","selmaprotbas/parameters/wdz","m d-1","-4.5","1.0.0","vertical velocity of detritus (positive: upwards/floating;  negative: downwards/sinking)"
"568","phytoplankton","water","vertical_movement","vertical_velocity","selmaprotbas","buoy_temp_limit","{group_name}/parameters/buoy_temp_limit","degC","0","1.0.0","if temperature falls below this temperature;  vertical velocity is set to vert_vel_temp;  if buoyancy_regulation = true"
"569","phosphorus","sediment","burial","burial","selmaprotbas","pburialrate","selmaprotbas/parameters/pburialrate","d-1","0.007","1.0.0","phosphate burial rate"
"570","phosphorus","sediment","burial","burial","selmaprotbas","ipo4th","selmaprotbas/parameters/ipo4th","mmol P m-2","100","1.0.0","maximum phosphorus density available for burial"
"571","zoobenthos","sediment","respiration","respiration_rate","wet","kDRespBent","{group_name}/parameters/kDRespBent","1/d","0.005","1","respiration rate at 20*C"
"572","phosphorus","sediment","initial_conditions","initial_humus","pclake","sPHumS0","initialstates/sPHumS0","gP*m^-2","","1.0.0","Humus_P_in_lake_sediment"
"573","phosphorus","sediment","initial_conditions","initial_phosphate","pclake","sPO4S0","initialstates/sPO4S0","gP*m^-2","","1.0.0","P_in_PO4_in_lake_sediment_pore_water"
"574","phosphorus","sediment","initial_conditions","initial_phosphorus","selmaprotbas","fl_p","selmaprotbas/initialization/fl_p","mmol P m-2","2","1.0.0","initial phosphorus fluff (= active sediment)"
"575","phosphorus","sediment","initial_conditions","initial_phosphorus","selmaprotbas","pb","selmaprotbas/initialization/pb","mmol P m-2","0.03","1.0.0","initial phosphorus bound to iron in the sediment"
"576","phosphorus","sediment","initial_conditions","initial_pim","pclake","fPInorgS0","initialstates/fPInorgS0","gP*gDW^-1","5.00E-04","1.0.0","Initial_inorg_P_fraction_in_sed"
"577","phosphorus","sediment","initial_conditions","initial_pim","pclake","fPAdsS0","initialstates/fPAdsS0","-","0.99","1.0.0","Initial_adsorbed_fraction_of_inorg_P_in_sed"
"578","phosphorus","sediment","initial_conditions","initial_pim","pclake","sPAIMS0","initialstates/sPAIMS0","gP*m^-2","","1.0.0","P_adsorbed_onto_IM_in_lake_sediment"
"579","phosphorus","sediment","initial_conditions","initial_pom","pclake","sPDetS0","initialstates/sPDetS0","gP*m^-2","","1.0.0","Detritus_P_in_lake_sediment"
"580","phosphorus","sediment","initial_conditions","initial_tp","mylake","In.TPz.sed","In.TPz.sed","mg m-3","756732","1.0.0","Initial total P profile in the sediment compartments read from initial profiles file"
"581","macrophytes","sediment","respiration","respiration_rate","wet","kDRespVeg","{group_name}/parameters/kDRespVeg","1/d","0.02","1","dark respiration rate at 20*C"
"582","phosphorus","sediment","sediment_characteristics","sediment_composition","pclake","cPDSoilOM","parameters/cPDSoilOM","gP*gDW^-1","0.001","1.0.0","P/day_ratio_of_soil_organic_matter"
"583","phosphorus","sediment","water_sediment_exchange","adsorption","selmaprotbas","pliberationrate","selmaprotbas/parameters/pliberationrate","d-1","0.1","1.0.0","phosphate liberation rate;  anoxic sediments"
"584","phosphorus","sediment","water_sediment_exchange","adsorption","selmaprotbas","po4ret","selmaprotbas/parameters/po4ret","-","0.18","1.0.0","phosphate retention rate;  oxic sediments"
"585","zoobenthos","sediment","migration","migration_rate","wet","kMigrBent","{group_name}/parameters/kMigrBent","1/d","0.001","1","migration rate"
"586","phosphorus","sediment","water_sediment_exchange","resuspension","selmaprotbas","eroratepo4","selmaprotbas/parameters/eroratepo4","d-1","6","1.0.0","P-Fe erosion rate"
"587","phosphorus","sediment_marsh","initial_conditions","initial_humus","pclake","sPHumSM0","initialstates/sPHumSM0","gP*m^-2","","1.0.0","Humus_Pin_marsh_sediment"
"588","phosphorus","sediment_marsh","initial_conditions","initial_phosphate","pclake","sPO4SM0","initialstates/sPO4SM0","gP*m^-2","","1.0.0","P_in_PO4_in_marsh_sediment_pore_water"
"589","phosphorus","sediment_marsh","initial_conditions","initial_pim","pclake","fPInorgSM0","initialstates/fPInorgSM0","gP*gDW^-1","5.00E-04","1.0.0","Initial_inorg_P_fraction_in_sed"
"590","phosphorus","sediment_marsh","initial_conditions","initial_pim","pclake","fPAdsSM0","initialstates/fPAdsSM0","-","","1.0.0","Adsorbed_fraction_of_inorg._P_in_sediment"
"591","phosphorus","sediment_marsh","initial_conditions","initial_pim","pclake","sPAIMSM0","initialstates/sPAIMSM0","gP*m^-2","","1.0.0","P_adsorbed_onto_IM_in_marsh_sediment"
"592","phosphorus","sediment_marsh","initial_conditions","initial_pom","pclake","sPDetSM0","initialstates/sPDetSM0","gP*m^-2","","1.0.0","Detritus_P_in_marsh_sediment"
"593","phosphorus","water","absorption","absorption","pclake","cRelPAdsD","parameters/cRelPAdsD","gP*gDW^-1","3.00E-05","1.0.0","Max_P_adsorption_per_g_DW"
"594","phosphorus","water","absorption","absorption","pclake","kPSorp","parameters/kPSorp","d^-1","0.05","1.0.0","P_sorption_rate_constant_not_too_high_->_model_speed"
"595","phosphorus","water","absorption","absorption","pclake","cRelPAdsFe","parameters/cRelPAdsFe","gP*gFe^-1","0.065","1.0.0","Max_P_adsorption_per_g_Fe"
"596","phosphorus","water","absorption","absorption","pclake","cRelPAdsAl","parameters/cRelPAdsAl","gP*gAl^-1","0.134","1.0.0","Max_P_adsorption_per_g_Al"
"597","phosphorus","water","absorption","absorption","pclake","cKPAdsOx","parameters/cKPAdsOx","m^3*gP^-1","0.6","1.0.0","P_adsorption_affinity_at_oxidized_conditions"
"598","phosphorus","water","absorption","absorption","pclake","fRedMax","parameters/fRedMax","-","0.9","1.0.0","Max_reduction_factor_of_P_adsorption_affinity"
"599","macrophytes","sediment","migration","migration_rate","wet","kMigrVeg","{group_name}/parameters/kMigrVeg","1/d","0.001","1","macrophytes immigration rate"
"600","zoobenthos","sediment","mortality","mortality_rate","wet","kMortBent","{group_name}/parameters/kMortBent","1/d","0.005","1","mortality rate"
"601","phytoplankton","water","vertical_movement","equation_options_vertical_velocity","selmaprotbas","buoy_temperature","{group_name}/parameters/buoy_temperature","(boolean)","FALSE","1.0.0","whether temperature can regulate buoyancy;  if buoyancy_regulation is true"
"602","macrophytes","sediment","mortality","mortality_rate","wet","kMortVegSum","{group_name}/parameters/kMortVegSum","1/d","0.005","1","mortality rate during growing season"
"603","phytoplankton","water","vertical_movement","equation_options_vertical_velocity","selmaprotbas","buoyancy_regulation","{group_name}/parameters/buoyancy_regulation","(boolean)","FALSE","1.0.0","whether cells can regulate vertical movement"
"604","nitrogen","sediment","water_sediment_exchange","diffusion","wet","kNDifDOM1","sediment_exchange/parameters/kNDifDOM1","m2/d","8.50E-05","1","DOM diffusion constant N at 20*C"
"605","phosphorus","water","decomposition","chemical_loss","pclake","kPChemPO4","parameters/kPChemPO4","m*d^-1","0.03","1.0.0","Chem_PO4_loss_rate"
"606","phosphorus","water","decomposition","mineralisation_dom","mylake","k_dop_twty","Bio.par/k_dop_twty","d-1","0","1.0.0","specific DOP to P transformation rate (day-1) at 20 deg C"
"607","nitrogen","sediment","water_sediment_exchange","diffusion","wet","kNDifNH4","sediment_exchange/parameters/kNDifNH4","m2/d","0.000112","1","molecular NH4 diffusion constant at 20*C"
"608","nitrogen","sediment","water_sediment_exchange","diffusion","wet","kNDifNO3","sediment_exchange/parameters/kNDifNO3","m2/d","8.60E-05","1","NO3 diffusion constant at 20*C"
"609","phosphorus","water","initial_conditions","initial_humus","pclake","cPDHum0","initialstates/cPDHum0","gP*gDW^-1","0.005","1.0.0","Initial_P_fraction_in_humus"
"610","phosphorus","water","initial_conditions","initial_phosphate","selmaprotbas","po","selmaprotbas/initialization/po","mmol P m-3","0.216","1.0.0","initial dissolved phosphate in the water column"
"611","phosphorus","water","initial_conditions","initial_phosphate","pclake","sPO4WEpi0","initialstates/sPO4WEpi0","gP*m^-2","","1.0.0","P_in_PO4_in_epilimnion_lake_water"
"612","phosphorus","water","initial_conditions","initial_phosphate","pclake","sPO4WHyp0","initialstates/sPO4WHyp0","gP*m^-2","","1.0.0","P_in_PO4_in_hypolimnion_lake_water"
"613","phosphorus","water","initial_conditions","initial_phosphorus","selmaprotbas","pw","selmaprotbas/initialization/pw","mmol P m-3","0.001","1.0.0","initial phosphorus bound to iron in the water column"
"614","phosphorus","water","initial_conditions","initial_phosphorus","pclake","sPExtTotT0","initialstates/sPExtTotT0","gP*m^-2","","1.0.0","Total_amount_of_P_moved_into_or_out_from_the_system"
"615","phosphorus","water","initial_conditions","initial_phosphorus","pclake","uPTotT0","initialstates/uPTotT0","gP*m^-2","","1.0.0","Total_initial_P_in_the_lake"
"616","phosphorus","water","initial_conditions","initial_phosphorus","pclake","uPTotTHyp0","initialstates/uPTotTHyp0","gP*m^-2","","1.0.0","Total_initial_P_in_the_lake"
"617","phosphorus","water","initial_conditions","initial_phosphorus","pclake","uPTotTSurf0","initialstates/uPTotTSurf0","gP*m^-2","","1.0.0","Total_initial_P_at_the_surface"
"618","phosphorus","water","initial_conditions","initial_pim","pclake","sPAIMWEpi0","initialstates/sPAIMWEpi0","gP*m^-2","","1.0.0","P_adsorbed_onto_IM_in_epilimnion_lake_water"
"619","phosphorus","water","initial_conditions","initial_pim","pclake","sPAIMWHyp0","initialstates/sPAIMWHyp0","gP*m^-2","","1.0.0","P_adsorbed_onto_IM_in_hypolimnion_lake_water"
"620","phosphorus","water","initial_conditions","initial_pom","pclake","cPDDet0","initialstates/cPDDet0","gP*gDW^-1","0.0025","1.0.0","Initial_P_fraction_in_detritus"
"621","phosphorus","water","initial_conditions","initial_pom","selmaprotbas","dd_p","selmaprotbas/initialization/dd_p","mmol P m-3","0","1.0.0","initial detritus-P in the water column"
"622","phosphorus","water","initial_conditions","initial_pom","pclake","sPDetWEpi0","initialstates/sPDetWEpi0","gP*m^-2","","1.0.0","Detritus_P_in_epilimnion_lake_water"
"623","phosphorus","water","initial_conditions","initial_pom","pclake","sPDetWHyp0","initialstates/sPDetWHyp0","gP*m^-2","","1.0.0","Detritus_P_in_hypolimnion_lake_water"
"624","phosphorus","water","initial_conditions","initial_tp","mylake","In.TPz","In.TPz","mg m-3","21","1.0.0","Initial total P profile read from initial profiles file (incl. DOP & Chla)"
"625","phosphorus","water","sediment_characteristics","pore_water","pclake","coPO4Max","parameters/coPO4Max","gP*m^-3","1","1.0.0","Max_SRP_conc_in_pore_water"
"626","phosphorus","water","vertical_movement","sedimentation","selmaprotbas","wpo4","selmaprotbas/parameters/wpo4","m d-1","-1","1.0.0","vertical velocity of suspended P-Fe (positive: upwards/floating;  negative: downwards/sinking)"
"627","nitrogen","sediment","nitrification","nitrification","wet","kNitrS","abiotic_sediment/parameters/kNitrS","1/d","1.2","1","nitrification rate constant at 20*C"
"628","oxygen","sediment","water_sediment_exchange","sediment_flux","aed2","theta_sed_oxy","aed2_oxygen/theta_sed_oxy","-","1.07","1.0.0","Arrhenius temperature multiplier for sediment oxygen flux"
"629","phosphorus","water","water_column_processes","adsorption","aed2","Qmax","aed2_phosphorus/Qmax","-","1","1.0.0","Sorption constant"
"630","phosphorus","water","water_column_processes","adsorption","mylake","Psat_Lang","Bio.par/Psat_Lang","mg m-3","2500","1.0.0","Half saturation parameter for Langmuir isotherm"
"631","phosphorus","water","water_column_processes","adsorption","mylake","Fmax_Lang","Bio.par/Fmax_Lang","-","8000","1.0.0","Scaling parameter for Langmuir isotherm"
"632","phosphorus","water","water_column_processes","phosphorus","aed2","frp_initial ","aed2_phosphorus/frp_initial","mmol P m-3","0.06","1.0.0","-"
"633","phosphorus","water","water_sediment_exchange","diffusion","pclake","kPDifPO4","parameters/kPDifPO4","m^2*d^-1","7.20E-05","1.0.0","Mol_PO4_diffusion_constant"
"634","phosphorus","water","water_sediment_exchange","phosphorus","aed2","Fsed_frp","aed2_phosphorus/Fsed_frp","mmol P m-3 d-1","0.45","1.0.0","Sediment-water flux for inorganic phosphorus"
"635","phosphorus","water","water_sediment_exchange","phosphorus","aed2","theta_sed_frp","aed2_phosphorus/theta_sed_frp","-","1.07","1.0.0","half-saturation concentration of  inorganic phosphorus sediment flux"
"636","phosphorus","water","water_sediment_exchange","phosphorus","aed2","Ksed_frp","aed2_phosphorus/Ksed_frp","mmol P m-3","62.5","1.0.0","Arrhenius temperature multiplier for sediment  inorganic phosphorus flux"
"637","silica","water","initial_conditions","initial_silicate","selmaprotbas","si","selmaprotbas/initialization/si","mmol Si m-3","1","1.0.0","initial dissolved silicate in the water column"
"638","silica","water","initial_conditions","initial_pom","selmaprotbas","dd_si","selmaprotbas/initialization/dd_si","mmol Si m-3","20","1.0.0","initial detritus-Si in the water column"
"639","silica","sediment","initial_conditions","initial_silicate","selmaprotbas","fl_si","selmaprotbas/initialization/fl_si","mmol Si m-2","10","1.0.0","initial silicate fluff (= active sediment)"
"640","silica","water","water_sediment_exchange","sediment_flux_silica","aed2","Ksed_rsi","aed2_silica/Ksed_rsi","mmol m-3","150","1.0.0","half-saturation O2 concentration for silica flux"
"641","silica","water","water_sediment_exchange","sediment_flux_silica","aed2","theta_sed_rsi","aed2_silica/theta_sed_rsi","-","1.07","1.0.0","Arrhenius temperature multiplier for sediment silica flux"
"642","silica","water","water_sediment_exchange","sediment_flux_silica","aed2","Fsed_rsi","aed2_silica/Fsed_rsi","mmol m-2 d-1","5","1.0.0","Sedimentation flux for silica"
"643","phytoplankton","water","initial_conditions","initial_phyto","mylake","In.Chlz","In.Chlz","mg m-3","none","1.0.0","Initial chlorophyll a profile read from initial profiles file"
"644","phytoplankton","water","initial_conditions","initial_phyto","mylake","In.Chlz_sed","In.Chlz.sed","mg m-3","none","1.0.0","Initial chlorophyll a profile in the sediment compartments read from initial profiles file"
"645","phytoplankton","water","growth","growth_rate","mylake","g_twty","Bio.par/g_twty","d-1","none","1.0.0","specific growth rate at 20 deg C"
"646","phytoplankton","water","vertical_movement","vertical_velocity","mylake","Uz_Chl","Bio.par/Uz_Chl","m d-1","none","1.0.0","settling velocity for Chl a"
"647","phytoplankton","water","mortality","excretion","wet","fDissMort","{group_name}/parameters/fDissMort","-","0.2","1","soluble inorganic nutrient fraction of dead cells"
"648","phytoplankton","sediment","mortality","excretion","wet","fDOMS","{group_name}/parameters/fDOMS","-","0","1","DOM fraction of settled dead cells"
"649","phytoplankton","water","mortality","excretion","wet","fDOMW","{group_name}/parameters/fDOMW","-","0","1","DOM fraction of dead cells"
"650","phytoplankton","water","growth","growth_rate","wet","cMuMax","{group_name}/parameters/cMuMax","1/d","1.3","1","maximum growth rate at 20*C"
"651","phytoplankton","water","initial_conditions","initial_phyto","selmaprotbas","c","{group_name}/initialization/c","mmol C m-3","0.006625","1.0.0","Initial concentration of phytoplankton"
"652","phytoplankton","water","initial_conditions","initial_phyto","aed2","p_initial","phyto_data/pd%p_initial","mmol C m-3","1","1.0.0","Initial concentration of phytoplankton"
"653","phytoplankton","water","initial_conditions","minimum_concentration","selmaprotbas","c0","{group_name}/parameters/c0","mmol C m-3","0","1.0.0","background concentration"
"654","phytoplankton","water","initial_conditions","name","aed2","p_name","phyto_data/pd%p_name","?","NAME","1.0.0","functional species name"
"655","phytoplankton","sediment","initial_conditions","initial_phyto","wet","sDS","{group_name}/initialization/sDS","gDW/m2","0.003","1","sediment DW"
"656","phytoplankton","water","initial_conditions","initial_phyto","wet","sDW","{group_name}/initialization/sDW","gDW/m3","0.1","1","water column DW"
"657","phytoplankton","sediment","initial_conditions","initial_phyto","wet","sNS","{group_name}/initialization/sNS","gN/m2","0.0003","1","sediment N"
"658","phytoplankton","water","initial_conditions","initial_phyto","wet","sNW","{group_name}/initialization/sNW","gN/m3","0.03","1","water column N"
"659","phytoplankton","sediment","initial_conditions","initial_phyto","wet","sPS","{group_name}/initialization/sPS","gP/m2","3.00E-05","1","sediment P"
"660","phosphorus","water","water_sediment_exchange","sedimentation","selmaprotbas","sedratepo4","selmaprotbas/parameters/sedratepo4","m d-1","0.5","1.0.0","P-Fe sedimentation rate"
"661","phosphorus","water_marsh","initial_conditions","initial_phosphate","pclake","sPO4WM0","initialstates/sPO4WM0","gP*m^-2","","1.0.0","P_in_PO4_in_marsh_water"
"662","phosphorus","water_marsh","initial_conditions","initial_phosphorus","pclake","uPTotM0","initialstates/uPTotM0","gP*m^-2","","1.0.0","Total_initial_P_in_the_marsh"
"663","phosphorus","water_marsh","initial_conditions","initial_pim","pclake","sPAIMWM0","initialstates/sPAIMWM0","gP*m^-2","","1.0.0","P_adsorbed_onto_IM_in_marsh_water"
"664","phosphorus","water_marsh","initial_conditions","initial_pom","pclake","sPDetWM0","initialstates/sPDetWM0","gP*m^-2","","1.0.0","Detritus_P_in_marsh_water"
"665","nitrogen","water","nitrification","nitrification","wet","kNitrW","abiotic_water/parameters/kNitrW","1/d","0.3","1","nitrification rate constant in water at 20*C"
"666","nitrogen","sediment","decomposition","mineralisation_dom","wet","kNMinS","DOM/parameters/kNMinS","1/d","0.003","1","mineralization constant of DOM-N at 20*C"
"667","phytoplankton","sediment","initial_conditions","initial_phyto","pclake","fSedPhyt0","initialstates/fSedPhyt0","gDWDiat*gDW^-1","0.01","1.0.0","Fraction_diatoms_DW_on_lake_sediment"
"668","phytoplankton","sediment","initial_conditions","initial_phyto","pclake","sDBlueS0","initialstates/sDBlueS0","gDW*m^-2","","1.0.0","Blue-greens_DW_on_lake_sediment"
"669","phytoplankton","sediment","initial_conditions","initial_phyto","pclake","sDDiatS0","initialstates/sDDiatS0","gDW*m^-2","","1.0.0","Diatoms_DW_on_lake_sediment"
"670","phytoplankton","sediment","initial_conditions","initial_phyto","pclake","sDGrenS0","initialstates/sDGrenS0","gDW*m^-2","","1.0.0","Green_algae_DW_on_lake_sediment"
"671","phytoplankton","sediment","initial_conditions","initial_phyto","pclake","sNBlueS0","initialstates/sNBlueS0","gN*m^-2","","1.0.0","Blue-greens_N_on_lake_sediment"
"672","phytoplankton","sediment","initial_conditions","initial_phyto","pclake","sNDiatS0","initialstates/sNDiatS0","gN*m^-2","","1.0.0","Diatoms_N_on_lake_sediment"
"673","phytoplankton","sediment","initial_conditions","initial_phyto","pclake","sNGrenS0","initialstates/sNGrenS0","gN*m^-2","","1.0.0","Green_algae_N_on_lake_sediment"
"674","phytoplankton","sediment","initial_conditions","initial_phyto","pclake","sPBlueS0","initialstates/sPBlueS0","gP*m^-2","","1.0.0","Blue-greens_P_on_lake_sediment"
"675","phytoplankton","sediment","initial_conditions","initial_phyto","pclake","sPDiatS0","initialstates/sPDiatS0","gP*m^-2","","1.0.0","Diatoms_P_on_lake_sediment"
"676","phytoplankton","sediment","initial_conditions","initial_phyto","pclake","sPGrenS0","initialstates/sPGrenS0","gP*m^-2","","1.0.0","Green_algae_P_on_lake_sediment"
"677","phytoplankton","sediment","initial_conditions","initial_phyto","pclake","uDPhytS0","initialstates/uDPhytS0","gDW*m^-2","","1.0.0","Total_initial_DW_in_phytoplankton_in_lake_sediment"
"678","phytoplankton","sediment","initial_conditions","initial_phyto","pclake","uNPhytS0","initialstates/uNPhytS0","gN*m^-2","","1.0.0","Total_initial_N_in_phytoplankton_in_lake_sediment"
"679","phytoplankton","sediment","initial_conditions","initial_phyto","pclake","uPPhytS0","initialstates/uPPhytS0","gP*m^-2","","1.0.0","Total_initial_P_in_phytoplankton_in_lake_sediment"
"680","nitrogen","sediment","decomposition","mineralisation_dom","wet","kNMinS","humus/parameters/kNMinS","1/d","0.00005","1","mineralization constant of DOM-N at 20*C"
"681","nitrogen","water","decomposition","mineralisation_dom","wet","kNMinW","DOM/parameters/kNMinW","1/d","0.01","1","mineralization constant of DOM-N at 20*C"
"682","nitrogen","sediment","decomposition","mineralisation_pom","wet","kNMinW","humus/parameters/kNMinW","1/d","0.001","1","decomposition constant of POM-N at 20*C"
"683","nitrogen","sediment","decomposition","mineralisation_pom","wet","kNMinS","POM/parameters/kNMinS","1/d","0.01","1","decomposition constant of POM-N at 20*C"
"684","nitrogen","water","decomposition","mineralisation_pom","wet","kNMinW","POM/parameters/kNMinW","1/d","0.01","1","decomposition constant of POM-N at 20*C"
"685","oxygen","sediment","water_sediment_exchange","sediment_flux","aed2","Fsed_oxy","aed2_oxygen/Fsed_oxy","mmol m-2 d-1","-10","1.0.0","Sediment-water flux for oxygen"
"686","phosphorus","sediment","absorption","absorption","wet","kPChemPO4","abiotic_sediment/parameters/kPChemPO4","1/d","0.03","1","chemical PO4 loss rate"
"687","phytoplankton","sediment","mortality","mortality_rate","mylake","k_sed_twty","Bio.par/k_sed_twty","d-1","2.00E-04","1.0.0","specific Chl a to P transformation rate (1/day) at 20 deg C"
"688","phytoplankton","sediment","mortality","mortality_rate","pclake","kMortDiatS","parameters/kMortDiatS","d^-1","0.05","1.0.0","Mortality_constant_of_sed_Diatoms"
"689","phytoplankton","sediment","mortality","mortality_rate","pclake","kMortGrenS","parameters/kMortGrenS","d^-1","0.05","1.0.0","Mortality_constant_greens"
"690","phytoplankton","sediment","mortality","mortality_rate","pclake","kMortBlueS","parameters/kMortBlueS","d^-1","0.2","1.0.0","Mortality_constant_Bluegreens"
"691","phosphorus","sediment","water_sediment_exchange","diffusion","wet","kPDifDOM1","sediment_exchange/parameters/kPDifDOM1","m2/d","0.00016","1","DOM diffusion constant P at 20*C"
"692","phytoplankton","sediment","vertical_movement","vertical_velocity","pclake","cVSetBlue","parameters/cVSetBlue","m*d^-1","0.06","1.0.0","Sedimentation_velocity_Blue-greens"
"693","phytoplankton","sediment","vertical_movement","vertical_velocity","pclake","cVSetGren","parameters/cVSetGren","m*d^-1","0.2","1.0.0","Sedimentation_velocity_of_greens"
"694","phytoplankton","sediment","vertical_movement","vertical_velocity","pclake","cVSetDiat","parameters/cVSetDiat","m*d^-1","0.5","1.0.0","Sedimentation_velocity_Diatoms"
"695","phytoplankton","sediment","water_sediment_exchange","resuspension","pclake","cResusPhytExp","parameters/cResusPhytExp","gDW^-1*m^2*d^1","-0.379","1.0.0","Exp_par_for_phytopl_resuspension"
"696","phytoplankton","sediment","water_sediment_exchange","resuspension","pclake","kResusPhytMax","parameters/kResusPhytMax","d^-1","0.25","1.0.0","Max_phytopl_resuspension"
"697","phosphorus","sediment","water_sediment_exchange","diffusion","wet","kPDifPO4","sediment_exchange/parameters/kPDifPO4","m2/d","7.20E-05","1","PO4 diffusion constant at 20*C"
"698","phosphorus","sediment","decomposition","mineralisation_dom","wet","kPMinS","DOM/parameters/kPMinS","1/d","0.003","1","mineralization constant of DOM-P at 20*C"
"699","phytoplankton","water","areal_coverage","areal_coverage","pclake","cCovSpPhyt","parameters/cCovSpPhyt","gDW^-1*m^2","2","1.0.0","Specific_coverage_Tentative"
"700","phytoplankton","water","initial_conditions","initial_phyto","wet","sPW","{group_name}/initialization/sPW","gP/m3","0.003","1","water column P"
"701","phytoplankton","water","growth","equation_options_light_limitation","pclake","UseSteeleGren","parameters/UseSteeleGren","(integer)","0","1.0.0","Flag_1_=_use_Steele_function0_=_use_Lehman_function"
"702","phytoplankton","water","growth","equation_options_light_limitation","pclake","UseSteeleBlue","parameters/UseSteeleBlue","(integer)","1","1.0.0","Flag_1_=_use_Steele_function0_=_use_Lehman_function"
"703","phytoplankton","water","growth","equation_options_light_limitation","pclake","UseSteeleDiat","parameters/UseSteeleDiat","(integer)","1","1.0.0","Flag_1_=_use_Steele_function0_=_use_Lehman_function"
"704","phytoplankton","water","light","light_attenuation","wet","cExtSp","{group_name}/parameters/cExtSp","m2/gDW","0.35","1","specific extinction coefficient"
"705","phosphorus","water","decomposition","mineralisation_dom","wet","kPMinW","DOM/parameters/kPMinW","1/d","0.01","1","mineralization constant of DOM-P at 20*C"
"706","phosphorus","sediment","decomposition","mineralisation_pom","wet","kPMinS","humus/parameters/kPMinS","1/d","0.00005","1","decomposition constant of POM-P at 20*C"
"707","phosphorus","sediment","decomposition","mineralisation_pom","wet","kPMinS","POM/parameters/kPMinS","1/d","0.001","1","decomposition constant of POM-P at 20*C"
"708","phytoplankton","water","initial_conditions","minimum_concentration","aed2","p0","phyto_data/pd%p0","mmol C m-3","0.03","1.0.0","minimum concentration of phytoplankton"
"709","phytoplankton","water","excretion","DOM_excretion","selmaprotbas","couple_dom","{group_name}/parameters/couple_dom","(boolean)","TRUE","1.2.0","couple phytoplankton to dom module, default = false"
"710","phytoplankton","water","growth","equation_options_n_limitation","pclake","InclNfix","parameters/InclNfix","(integer)","0","1.0.0","Include_nitrogen_fixation"
"711","phytoplankton","water","growth","light_limitation","wet","cLOptRef","{group_name}/parameters/cLOptRef","W/m2","25","1","qLightMethod=2; optimum PAR at 20*C; Steele function"
"712","phytoplankton","water","growth","light_limitation","wet","hLRef","{group_name}/parameters/hLRef","W/m2","17","1","qLightMethod=1; half-sat. PAR at 20*C; Lehmann function"
"713","phytoplankton","water","mortality","mortality_rate","selmaprotbas","deltao","{group_name}/parameters/deltao","d-1","0.02","1.0.0","mortality rate"
"714","phytoplankton","water","mortality","mortality_rate","selmaprotbas","deltao","{group_name}/parameters/deltao","d-1","0.02","1.0.0","mortality rate"
"715","phytoplankton","water","growth","growth_rate","aed2","R_growth","phyto_data/pd%R_growth","d-1","1.25","1.0.0","Phyto max growth rate @20C"
"716","phytoplankton","water","growth","n_fixation","aed2","R_nfix","phyto_data/pd%R_nfix","mmol N mmol C-1 d-1","0","1.0.0","fixation_rate"
"717","phytoplankton","water","diagnostics","diagnostics","selmaprotbas","diagnostics","{group_name}/parameters/diagnostics","(boolean)","FALSE","1.2.0",""
"718","phytoplankton","water","growth","growth_rate","pclake","cMuMaxBlue","parameters/cMuMaxBlue","d^-1","0.6","1.0.0","Maximum_growth_rate_Bluegreens"
"719","phytoplankton","sediment","initial_conditions","minimum_concentration","wet","cDMinS","{group_name}/parameters/cDMinS","gDW/m3","1.00E-05","1","minimum DW concentration in sediment"
"720","phytoplankton","water","growth","growth_rate","pclake","cMuMaxGren","parameters/cMuMaxGren","d^-1","1.5","1.0.0","Maximum_growth_rate_greens"
"721","phytoplankton","water","growth","growth_rate","pclake","cMuMaxDiat","parameters/cMuMaxDiat","d^-1","2","1.0.0","Maximum_growth_rate_Diatoms"
"722","phytoplankton","water","growth","growth_rate","mylake","g_twty","Bio.par/g_twty","d-1","2.1","1.0.0","specific growth rate at 20 deg C"
"723","phytoplankton","water","initial_conditions","minimum_concentration","wet","cDMinW","{group_name}/parameters/cDMinW","gDW/m3","1.00E-04","1","minimum DW concentration in water"
"724","phosphorus","water","decomposition","mineralisation_pom","wet","kPMinW","POM/parameters/kPMinW","1/d","0.01","1","decomposition constant of POM-P at 20*C"
"725","phytoplankton","water","growth","light_limitation","pclake","cSecchiPlus","parameters/cSecchiPlus","m","0","1.0.0","Maximum_Secchi_depth_above_water_depth"
"726","phytoplankton","water","growth","light_limitation","mylake","PAR_sat","Phys.par/PAR_sat","mol(quanta) m-2 s-1","1.00E-05","1.0.0","PAR saturation level for phytoplankton growth"
"727","phytoplankton","water","growth","light_limitation","pclake","cDBlueSurfMin","parameters/cDBlueSurfMin","gDW*m^-2","1.00E-05","1.0.0","Minimum_biomass_of_BlueGreens_in_surface"
"728","phytoplankton","water","growth","light_limitation","pclake","cDepthSurf","parameters/cDepthSurf","m","0.01","1.0.0","Assumed_depth_of_surface_layer"
"729","phytoplankton","water","growth","light_limitation","selmaprotbas","imin","{group_name}/parameters/imin","W m-2","50","1.0.0","llim = 2; minimal optimal light radiation"
"730","phytoplankton","water","growth","light_limitation","pclake","cPACoefMin","parameters/cPACoefMin","-","1.5","1.0.0","Minimum_Poole-Atkins_coefficient"
"731","phytoplankton","water","growth","light_limitation","pclake","cEuph","parameters/cEuph","-","1.7","1.0.0","Conversion_constant_Secchi_depth_->_euphotic_depth"
"732","phytoplankton","water","growth","light_limitation","pclake","cPACoefMax","parameters/cPACoefMax","-","2.5","1.0.0","Maximum_Poole-Atkins_coefficient"
"733","phytoplankton","water","growth","light_limitation","pclake","hPACoef","parameters/hPACoef","gDW*m^-3","3","1.0.0","Decrease_constant_for_PA_coeff_with_DOMW"
"734","phytoplankton","water","growth","light_limitation","pclake","cLOptRefBlue","parameters/cLOptRefBlue","J*s^-1*m^-2","13.6","1.0.0","Optimum_PAR_for_blue-greens_at_20_oC(Steele_function)"
"735","phytoplankton","water","growth","light_limitation","pclake","hLRefGren","parameters/hLRefGren","J*s^-1*m^-2","17","1.0.0","Half-sat_PAR_for_green_algae_at_20_oC(Lehmann_function)"
"736","phytoplankton","water","growth","n_limitation","aed2","R_nuptake","phyto_data/pd%R_nuptake","mmol N m-3 d-1","0.068","1.0.0","maximum nitrogen uptake, used is simINDynamics = 2"
"737","phytoplankton","water","growth","light_limitation","pclake","cLOptRefDiat","parameters/cLOptRefDiat","J*s^-1*m^-2","54","1.0.0","Optimum_PAR_for_Diatoms_at_20_oC(Steele_function)"
"738","phytoplankton","sediment","mortality","mortality_rate","wet","kMortS","{group_name}/parameters/kMortS","1/d","0.2","1","mortality rate of settled phytoplankton"
"739","phytoplankton","water","mortality","mortality_rate","wet","kMortW","{group_name}/parameters/kMortW","1/d","0.01","1","mortality constant in water"
"740","phytoplankton","water","growth","light_limitation","pclake","cLOptRefGren","parameters/cLOptRefGren","J*s^-1*m^-2","1000","1.0.0","Optimum_PAR_at_20_oC(Steele_function)_Fake_value"
"741","phytoplankton","water","growth","light_limitation","pclake","hLRefBlue","parameters/hLRefBlue","J*s^-1*m^-2","1000","1.0.0","Half-sat_PAR_at_20_oC(Lehmann_function)_Fake_value"
"742","phytoplankton","water","growth","light_limitation","pclake","hLRefDiat","parameters/hLRefDiat","J*s^-1*m^-2","1000","1.0.0","Half-sat_PAR_at_20_oC(Lehmann_function)_Fake_value"
"743","phosphorus","sediment","absorption","absorption","wet","kPSorpS","abiotic_sediment/parameters/kPSorpS","1/d","0.03","1","P sorption rate constant"
"744","phosphorus","water","decomposition","mineralisation_humus","wet","kPMinW","humus/parameters/kPMinW","1/d","0.001","1","decomposition constant of POM-P at 20*C"
"745","phosphorus","water","absorption","absorption","wet","kPSorpW","abiotic_water/parameters/kPSorpW","1/d","0.05","1","P adsorption rate constant"
"746","phytoplankton","water","light","light_attenuation","selmaprotbas","kc","{group_name}/parameters/kc","m2 mmolC-1","0.0084","1.0.0","specific light attenuation"
"747","phytoplankton","water","growth","equation_options_light_limitation","selmaprotbas","llim","{group_name}/parameters/llim","(integer)","1","1.0.0","light limitation of growth (1: Reynolds, 2: Selma)"
"748","phytoplankton","water","growth","n_limitation","pclake","cAlphNfix","parameters/cAlphNfix","(J*m^-2*s^-1)^-1","0.036","1.0.0","Slope_of_nitrogen_fixation_and_light_curve"
"749","phytoplankton","water","growth","p_limitation","aed2","R_puptake","phyto_data/pd%R_puptake","mmol P m-3 d-1","0.0039","1.0.0","maximum phosphorus uptake, used if simIPDynamics = 2"
"750","phytoplankton","water","respiration","respiration_rate","aed2","R_resp","phyto_data/pd%R_resp","?","0.08","1.0.0","respiration_rate"
"751","phytoplankton","water","respiration","respiration_rate","selmaprotbas","nb","{group_name}/parameters/nb","d-1","0.01","1.0.0","excretion rate"
"752","phytoplankton","water","growth","salt_limitation","aed2","S_bep","phyto_data/pd%S_bep","?","2","1.0.0","salinity_limitation"
"753","phytoplankton","water","growth","salt_limitation","aed2","S_maxsp","phyto_data/pd%S_maxsp","g kg-1","35","1.0.0","salinity_maximum"
"754","phytoplankton","water","growth","salt_limitation","aed2","S_opt","phyto_data/pd%S_opt","g kg-1","0.01","1.0.0","salinity_optimum"
"755","phytoplankton","water","growth","n_limitation","pclake","cNfixDarkBlue","parameters/cNfixDarkBlue","ugN*mgChl^-1*d^-1","9.5","1.0.0","Nitrogen_fixation_rate_in_the_dark_of_Blue_greens"
"756","phytoplankton","water","growth","n_limitation","pclake","cNfixMaxBlue","parameters/cNfixMaxBlue","ugN*mgChl^-1*d^-1","60","1.0.0","Nitrogen_fixation_rate_at_light_saturation_of_Blue_greens"
"757","phytoplankton","water","growth","equation_options_salt_limitation","aed2","salTol","phyto_data/pd%salTol","(integer)","0","1.0.0","1: ; 2:"
"758","phytoplankton","water","growth","si_limitation","aed2","Si_0","phyto_data/pd%Si_0","mmol Si m-3","0","1.0.0","minimum_concentration"
"759","phytoplankton","water","growth","equation_options_n_limitation","aed2","simDINUptake","phyto_data/pd%simDINUptake","(integer)","1","1.0.0","1: ; 2:"
"760","phytoplankton","water","growth","equation_options_p_limitation","aed2","simDIPUptake","phyto_data/pd%simDIPUptake","(integer)","1","1.0.0","DIP_model"
"761","phytoplankton","water","stoichiometry","nitrogen_ratio","wet","cNDMax","{group_name}/parameters/cNDMax","mgN/mgDW","0.15","1","maximum N/DW ratio"
"762","phytoplankton","water","stoichiometry","nitrogen_ratio","wet","cNDMin","{group_name}/parameters/cNDMin","mgN/mgDW","0.018","1","minimum N/DW ratio"
"763","phytoplankton","water","growth","p_limitation","mylake","P_half","Bio.par/P_half","mg m-3","0.4","1.0.0","Half saturation growth P level"
"764","phytoplankton","water","growth","equation_options_n_limitation","selmaprotbas","nitrogen_fixation","{group_name}/parameters/nitrogen_fixation","(boolean)","FALSE","1.0.0","whether nitrogen fixation is used to acquire nitrogen"
"765","phytoplankton","water","growth","oxygen_correction","wet","hO2BOD","{group_name}/parameters/hO2BOD","mgO2/l","1","1","half-saturation constant for oxygen conc. on BOD"
"766","phytoplankton","water","vertical_movement","vertical_velocity","selmaprotbas","par_limit1","{group_name}/parameters/par_limit1","W m-2","21.9","1.0.0","below this light intensity;  buoyancy-regulating plankton change vertical velocity from vert_vel1 to vert_vel2"
"767","phytoplankton","water","growth","equation_options_n_limitation","aed2","simDONUptake","phyto_data/pd%simDONUptake","(integer)","0","1.0.0","1: ; 2:"
"768","phytoplankton","water","growth","equation_options_n_limitation","aed2","simINDynamics","phyto_data/pd%simINDynamics","(integer)","2","1.0.0","1: ; 2:"
"769","phytoplankton","water","growth","equation_options_p_limitation","aed2","simIPDynamics","phyto_data/pd%simIPDynamics","(integer)","2","1.0.0","IP_model"
"770","phytoplankton","water","growth","equation_options_n_limitation","aed2","simNFixation","phyto_data/pd%simNFixation","(integer)","0","1.0.0","1: ; 2:"
"771","silicon","sediment","decomposition","mineralisation_pom","wet","kSiMinPaS","abiotic_sediment/parameters/kSiMinPaS","1/d","0.03","1","SiPOM to SiO2 biodissolution constant at 20*C"
"772","silicon","water","decomposition","mineralisation_pom","wet","kSiMinPaW","abiotic_water/parameters/kSiMinPaW","1/d","0.03","1","biodissolution constant of particulate Si to SiO2 at 20*C"
"773","phytoplankton","water","growth","equation_options_si_limitation","aed2","simSiUptake","phyto_data/pd%simSiUptake","(integer)","0","1.0.0","1: ; 2:"
"774","phytoplankton","water","growth","temperature_limitation","aed2","T_max","phyto_data/pd%T_max","degC","37","1.0.0","maximum_temperature"
"775","phytoplankton","water","growth","temperature_limitation","pclake","cSigTmBlue","parameters/cSigTmBlue","oC","12","1.0.0","Temperature_constant_blue-greens(sigma_in_Gaussian_curve)"
"776","phytoplankton","water","growth","temperature_limitation","pclake","cSigTmLoss","parameters/cSigTmLoss","oC","13","1.0.0","Temperature_constant_of_grazing(sigma_in_Gaussian_curve)"
"777","phytoplankton","water","growth","temperature_limitation","pclake","cSigTmGren","parameters/cSigTmGren","oC","15","1.0.0","Temperature_constant_greens(sigma_in_Gaussian_curve)"
"778","phytoplankton","water","growth","temperature_limitation","pclake","cTmOptDiat","parameters/cTmOptDiat","oC","18","1.0.0","Optimum_temp_diatoms"
"779","phytoplankton","water","stoichiometry","phosphorus_ratio","wet","cPDMax","{group_name}/parameters/cPDMax","mgP/mgDW","0.025","1","maximum P/DW ratio"
"780","phytoplankton","water","growth","temperature_limitation","pclake","cSigTmDiat","parameters/cSigTmDiat","oC","20","1.0.0","Temperature_constant_diatoms(sigma_in_Gaussian_curve)"
"781","phytoplankton","water","stoichiometry","phosphorus_ratio","wet","cPDMin","{group_name}/parameters/cPDMin","mgP/mgDW","0.003","1","minimum P/DW ratio"
"782","phytoplankton","water","growth","temperature_limitation","pclake","cTmOptBlue","parameters/cTmOptBlue","oC","25","1.0.0","Optimum_temp_blue-greens"
"783","phytoplankton","water","growth","temperature_limitation","pclake","cTmOptGren","parameters/cTmOptGren","oC","25","1.0.0","Optimum_temp_of_greens"
"784","phytoplankton","water","growth","temperature_limitation","pclake","cTmOptLoss","parameters/cTmOptLoss","oC","25","1.0.0","Optimum_temp_for_grazing"
"785","phytoplankton","water","vertical_movement","vertical_velocity","selmaprotbas","par_limit2","{group_name}/parameters/par_limit2","W m-2","6.6","1.0.0","below this light intensity;  buoyancy-regulating plankton change vertical velocity to vert_vel3"
"786","silicon","sediment","water_sediment_exchange","diffusion","wet","kSiO2Dif","sediment_exchange/parameters/kSiO2Dif","m2/d","8.64E-05","1","SiO2 diffusion constant at 20*C"
"787","carbon/nitrogen/phosphorous","sediment","sediment_water_exchange","resuspension","wet","kVegResus","sediment_exchange/parameters/kVegResus","m2/gDW","0.05","1","relative resuspension reduction per gram macrophytes"
"788","phytoplankton","water","initial_conditions","initial_phyto","pclake","cPDBlue0","initialstates/cPDBlue0","gP*gDW^-1","0.01","1.0.0","Initial_P_fraction_in_blue-green_algae"
"789","phytoplankton","water","initial_conditions","initial_phyto","pclake","cPDDiat0","initialstates/cPDDiat0","gP*gDW^-1","0.01","1.0.0","Initial_P_fraction_in_diatoms"
"790","phytoplankton","water","initial_conditions","initial_phyto","pclake","cPDGren0","initialstates/cPDGren0","gP*gDW^-1","0.01","1.0.0","Initial_P_fraction_in_green_algae"
"791","phytoplankton","water","initial_conditions","initial_phyto","pclake","cPDPhyt0","initialstates/cPDPhyt0","gP*gDW^-1","0.01","1.0.0","Initial_P_fraction_in_algae"
"792","phytoplankton","water","initial_conditions","initial_phyto","pclake","cNDBlue0","initialstates/cNDBlue0","gN*gDW^-1","0.1","1.0.0","Initial_N_fraction_in_blue-green_algae"
"793","phytoplankton","water","initial_conditions","initial_phyto","pclake","cNDDiat0","initialstates/cNDDiat0","gN*gDW^-1","0.1","1.0.0","Initial_N_fraction_in_diatoms"
"794","phytoplankton","water","initial_conditions","initial_phyto","pclake","cNDGren0","initialstates/cNDGren0","gN*gDW^-1","0.1","1.0.0","Initial_N_fraction_in_green_algae"
"795","phytoplankton","water","initial_conditions","initial_phyto","pclake","cNDPhyt0","initialstates/cNDPhyt0","gN*gDW^-1","0.1","1.0.0","Initial_N_fraction_in_algae"
"796","phytoplankton","water","initial_conditions","initial_phyto","mylake","In.Chlz","In.Chlz","mg m-3","7","1.0.0","Initial chlorophyll a profile read from initial profiles file"
"797","phytoplankton","water","respiration","respiration_rate","wet","kDResp","{group_name}/parameters/kDResp","1/d","0.03","1","maintenance respiration constant at 20*C"
"798","phytoplankton","water","initial_conditions","initial_phyto","mylake","In.Chlz_sed","In.Chlz.sed","mg m-3","196747","1.0.0","Initial chlorophyll a profile in the sediment compartments read from initial profiles file"
"799","phytoplankton","water","vertical_movement","vertical_velocity","selmaprotbas","par_limit3","{group_name}/parameters/par_limit3","W m-2","2.2","1.0.0","below this light intensity;  buoyancy-regulating plankton change vertical velocity to vert_vel4"
"800","phytoplankton","water","initial_conditions","initial_phyto","pclake","sDBlueSurf0","initialstates/sDBlueSurf0","gDW*m^-2","","1.0.0","Blue-greens_DW_in_epilimnion_lake_water"
"801","phytoplankton","water","initial_conditions","initial_phyto","pclake","sDBlueWEpi0","initialstates/sDBlueWEpi0","gDW*m^-2","","1.0.0","Blue-greens_DW_in_epilimnion_lake_water"
"802","phytoplankton","water","initial_conditions","initial_phyto","pclake","sDBlueWHyp0","initialstates/sDBlueWHyp0","gDW*m^-2","","1.0.0","Blue-greens_DW_in_hypolimnion_lake_water"
"803","phytoplankton","water","initial_conditions","initial_phyto","pclake","sDDiatWEpi0","initialstates/sDDiatWEpi0","gDW*m^-2","","1.0.0","Diatoms_DW_in_epilimnion_lake_water"
"804","phytoplankton","water","initial_conditions","initial_phyto","pclake","sDDiatWHyp0","initialstates/sDDiatWHyp0","gDW*m^-2","","1.0.0","Diatoms_DW_in_hypolimnion_lake_water"
"805","phytoplankton","water","initial_conditions","initial_phyto","pclake","sDGrenWEpi0","initialstates/sDGrenWEpi0","gDW*m^-2","","1.0.0","Green_algae_DW_in_epilimnion_lake_water"
"806","phytoplankton","water","initial_conditions","initial_phyto","pclake","sDGrenWHyp0","initialstates/sDGrenWHyp0","gDW*m^-2","","1.0.0","Green_algae_DW_in_hypolimnion_lake_water"
"807","phytoplankton","water","initial_conditions","initial_phyto","pclake","sNBlueSurf0","initialstates/sNBlueSurf0","gN*m^-2","","1.0.0","Blue-greens_N_in_epilimnion_lake_water"
"808","phytoplankton","water","initial_conditions","initial_phyto","pclake","sNBlueWEpi0","initialstates/sNBlueWEpi0","gN*m^-2","","1.0.0","Blue-greens_N_in_epilimnion_lake_water"
"809","phytoplankton","water","initial_conditions","initial_phyto","pclake","sNBlueWHyp0","initialstates/sNBlueWHyp0","gN*m^-2","","1.0.0","Blue-greens_N_in_hypolimnion_lake_water"
"810","phytoplankton","water","initial_conditions","initial_phyto","pclake","sNDiatWEpi0","initialstates/sNDiatWEpi0","gN*m^-2","","1.0.0","Diatoms_N_in_epilimnion_lake_water"
"811","phytoplankton","water","initial_conditions","initial_phyto","pclake","sNDiatWHyp0","initialstates/sNDiatWHyp0","gN*m^-2","","1.0.0","Diatoms_N_in_hypolimnion_lake_water"
"812","phytoplankton","water","initial_conditions","initial_phyto","pclake","sNGrenWEpi0","initialstates/sNGrenWEpi0","gN*m^-2","","1.0.0","Green_algae_N_in_epilimnion_lake_water"
"813","phytoplankton","water","initial_conditions","initial_phyto","pclake","sNGrenWHyp0","initialstates/sNGrenWHyp0","gN*m^-2","","1.0.0","Green_algae_N_in_hypolimnion_lake_water"
"814","phytoplankton","water","initial_conditions","initial_phyto","pclake","sPBlueSurf0","initialstates/sPBlueSurf0","gP*m^-2","","1.0.0","Blue-greens_P_in_epilimnion_lake_water"
"815","phytoplankton","water","initial_conditions","initial_phyto","pclake","sPBlueWEpi0","initialstates/sPBlueWEpi0","gP*m^-2","","1.0.0","Blue-greens_P_in_epilimnion_lake_water"
"816","phytoplankton","water","initial_conditions","initial_phyto","pclake","sPBlueWHyp0","initialstates/sPBlueWHyp0","gP*m^-2","","1.0.0","Blue-greens_P_in_hypolimnion_lake_water"
"817","phytoplankton","water","initial_conditions","initial_phyto","pclake","sPDiatWEpi0","initialstates/sPDiatWEpi0","gP*m^-2","","1.0.0","Diatoms_P_in_epilimnion_lake_water"
"818","phytoplankton","water","initial_conditions","initial_phyto","pclake","sPDiatWHyp0","initialstates/sPDiatWHyp0","gP*m^-2","","1.0.0","Diatoms_P_in_hypolimnion_lake_water"
"819","phytoplankton","water","initial_conditions","initial_phyto","pclake","sPGrenWEpi0","initialstates/sPGrenWEpi0","gP*m^-2","","1.0.0","Green_algae_P_in_epilimnion_lake_water"
"820","phytoplankton","water","initial_conditions","initial_phyto","pclake","sPGrenWHyp0","initialstates/sPGrenWHyp0","gP*m^-2","","1.0.0","Green_algae_P_in_hypolimnion_lake_water"
"821","phytoplankton","water","initial_conditions","initial_phyto","pclake","uDPhytWEpi0","initialstates/uDPhytWEpi0","gDW*m^-2","","1.0.0","Total_initial_DW_in_phytoplankton_in_lake_water"
"822","phytoplankton","water","initial_conditions","initial_phyto","pclake","uDPhytWHyp0","initialstates/uDPhytWHyp0","gDW*m^-2","","1.0.0","Total_initial_DW_in_phytoplankton_in_lake_water"
"823","phytoplankton","water","initial_conditions","initial_phyto","pclake","uNPhytWEpi0","initialstates/uNPhytWEpi0","gN*m^-2","","1.0.0","Total_initial_N_in_phytoplankton_in_lake_water"
"824","phytoplankton","water","initial_conditions","initial_phyto","pclake","uNPhytWHyp0","initialstates/uNPhytWHyp0","gN*m^-2","","1.0.0","Total_initial_N_in_phytoplankton_in_lake_water"
"825","phytoplankton","water","initial_conditions","initial_phyto","pclake","uPPhytWEpi0","initialstates/uPPhytWEpi0","gP*m^-2","","1.0.0","Total_initial_P_in_phytoplankton_in_lake_water"
"826","phytoplankton","water","initial_conditions","initial_phyto","pclake","uPPhytWHyp0","initialstates/uPPhytWHyp0","gP*m^-2","","1.0.0","Total_initial_P_in_phytoplankton_in_lake_water"
"827","zoobenthos","sediment","grazing","equation_options_pom_feeding","wet","lEatPOM","{group_name}/parameters/lEatPOM","-"," true","1","toggle POM consumption"
"828","macrophytes","sediment","growth","equation_options_growth","wet","lEmpUpt","{group_name}/parameters/lEmpUpt","(boolean)"," false","1","toggle empirical relat. for sed. fract. of nut. upt."
"829","phytoplankton","water","growth","growth_rate","selmaprotbas","r0","{group_name}/parameters/r0","d-1","1.3","1.0.0","maximum growth rate at 20 degrees C"
"830","phytoplankton","water","growth","temperature_limitation","aed2","T_opt","phyto_data/pd%T_opt","degC","28","1.0.0","optimum_temperature"
"831","phytoplankton","water","growth","temperature_limitation","aed2","T_std","phyto_data/pd%T_std","degC","20","1.0.0","standard_temperature"
"832","phytoplankton","sediment","water_sediment_exchange","resuspension","wet","cResusExp","{group_name}/parameters/cResusExp","gDW/m2/d)","-0.379","1","exponent parameter for phytoplankton resuspension (1"
"833","phytoplankton","water","light","light_attenuation","mylake","beta_chl","Phys.par/beta_chl","m2 mg-1","0.015","1.0.0","Optical cross_section of chlorophyll"
"834","phytoplankton","water","light","light_attenuation","pclake","cExtSpDiat","parameters/cExtSpDiat","m^2*gDW^-1","0.25","1.0.0","Specific_extinction_Diatoms"
"835","phytoplankton","water","light","light_attenuation","pclake","cExtSpGren","parameters/cExtSpGren","m^2*gDW^-1","0.25","1.0.0","Specific_extinction_greens"
"836","phytoplankton","water","light","light_attenuation","pclake","cExtSpBlue","parameters/cExtSpBlue","m^2*gDW^-1","0.35","1.0.0","Specific_extinction_Bluegreens"
"837","phytoplankton","sediment","water_sediment_exchange","resuspension","wet","kResusMax","{group_name}/parameters/kResusMax","1/d","0.25","1","maximum phytoplankton resuspension rate"
"838","phytoplankton","water","stoichiometry","nitrogen_ratio","selmaprotbas","rfn","{group_name}/parameters/rfn","-","0.150943","1.0.0","nitrogen : carbon ratio (mol N/mol C)"
"839","phytoplankton","water","mortality","grazing","pclake","kLossBlue","parameters/kLossBlue","d^-1","0.03","1.0.0","Grazing_loss_rate_for_Blue-greens"
"840","phytoplankton","water","mortality","grazing","pclake","fDissLoss","parameters/fDissLoss","-","0.25","1.0.0","Dissolved_nutrient_fraction_of_grazing_loss"
"841","phytoplankton","water","mortality","grazing","pclake","kLossDiat","parameters/kLossDiat","d^-1","0.25","1.0.0","Grazing_loss_rate_for_Diatoms"
"842","phytoplankton","water","mortality","grazing","pclake","kLossGren","parameters/kLossGren","d^-1","0.25","1.0.0","Grazing_loss_rate_for_greens"
"843","phytoplankton","water","mortality","mortality_rate","pclake","kMortBlueW","parameters/kMortBlueW","d^-1","0.01","1.0.0","Mortality_constant_of_blue-greens_in_water"
"844","phytoplankton","water","mortality","mortality_rate","pclake","kMortDiatW","parameters/kMortDiatW","d^-1","0.01","1.0.0","Mortality_constant_of_Diatoms_in_water"
"845","phytoplankton","water","mortality","mortality_rate","pclake","kMortGrenW","parameters/kMortGrenW","d^-1","0.01","1.0.0","Mortality_constant_of_Diatoms_in_water"
"846","phytoplankton","water","growth","temperature_limitation","aed2","theta_growth","phyto_data/pd%theta_growth","?","1.08","1.0.0","Arrhenius temperature multiplier for phytoplankton growth"
"847","phytoplankton","water","mortality","mortality_rate","mylake","m_twty","Bio.par/m_twty","d-1","0.2","1.0.0","loss rate (1/day) at 20 deg C"
"848","macrophytes","sediment","technical","","wet","nCompts","{group_name}/parameters/nCompts","(integer)","0","1","number of macrophyte competitors"
"849","phytoplankton","water","respiration","respiration_rate","aed2","theta_resp","phyto_data/pd%theta_resp","?","1.05","1.0.0","Arrhenius temperature multiplier for phytoplankton respiration"
"850","phytoplankton","water","vertical_movement","vertical_velocity","aed2","w_p","phyto_data/pd%w_p","m d-1","-0.05","1.0.0","Sedimentation rate (negative is downwards)"
"851","phytoplankton","water","vertical_movement","sedimentation_velocity","wet","cVSed","{group_name}/parameters/cVSed","m/d","0.2","1","sedimentation velocity"
"852","phytoplankton","water","vertical_movement","settling","wet","cVSet","{group_name}/parameters/cVSet","qTrans = 1; settling rat","0.05","1",""
"853","phytoplankton","water","respiration","respiration_rate","pclake","kDRespBlue","parameters/kDRespBlue","d^-1","0.03","1.0.0","Maintenance_respiration_constant_blue-greens(=_005_*_MuMax)"
"854","phytoplankton","water","respiration","respiration_rate","pclake","kDRespGren","parameters/kDRespGren","d^-1","0.075","1.0.0","Maintenance_respiration_constant_greens(=_005_*_MuMax)"
"855","phytoplankton","water","stoichiometry","phosphorus_ratio","selmaprotbas","rfr","{group_name}/parameters/rfr","-","0.009434","1.0.0","phosphorus : carbon ratio (mol P/mol C)"
"856","phytoplankton","water","respiration","respiration_rate","pclake","kDRespDiat","parameters/kDRespDiat","d^-1","0.1","1.0.0","Maintenance_respiration_constant_diatoms(=_005_*_MuMax)"
"857","phytoplankton","water","growth","si_limitation","wet","hSiAss","{group_name}/parameters/hSiAss","mgSi/l","0.09","1","half-saturation constant for Si; only for lSi=.true."
"858","nitrogen","sediment","denitrification","denitrification","wet","NO3PerCS","abiotic_sediment/parameters/NO3PerCS","mol/mol","1","1","NO3 denitrified per C mineralized"
"859","phytoplankton","water","stoichiometry","chlorophyll_ratio","pclake","cChDDiatMin","parameters/cChDDiatMin","gChl*gDW^-1","0.004","1.0.0","Min_chlorophyll/C_ratio_Diatoms"
"860","phytoplankton","water","stoichiometry","chlorophyll_ratio","pclake","cChDBlueMin","parameters/cChDBlueMin","gChl*gDW^-1","0.005","1.0.0","Min_chlorophyll/C_ratio_Bluegreens"
"861","phytoplankton","water","stoichiometry","chlorophyll_ratio","pclake","cChDGrenMin","parameters/cChDGrenMin","gChl*gDW^-1","0.01","1.0.0","Min_chlorophyll/C_ratio_greens"
"862","phytoplankton","water","stoichiometry","chlorophyll_ratio","pclake","cChDDiatMax","parameters/cChDDiatMax","gChl*gDW^-1","0.012","1.0.0","Max_chlorophyll/C_ratio_Diatoms"
"863","phytoplankton","water","stoichiometry","chlorophyll_ratio","pclake","cChDBlueMax","parameters/cChDBlueMax","gChl*gDW^-1","0.015","1.0.0","Max_chlorophyll/C_ratio_Bluegreens"
"864","phytoplankton","water","stoichiometry","chlorophyll_ratio","pclake","cChDGrenMax","parameters/cChDGrenMax","gChl*gDW^-1","0.02","1.0.0","Max_chlorophyll/C_ratio_greens"
"865","phytoplankton","water","stoichiometry","chlorophyll_ratio","mylake","Y_cp","Bio.par/Y_cp","-","1","1.0.0","yield coefficient (chlorophyll to carbon) * (carbon to phosphorus) ratio"
"866","phytoplankton","water","stoichiometry","silica_ratio","selmaprotbas","rfs","{group_name}/parameters/rfs","-","0","1.0.0","silica : carbon ratio (mol Si/mol C)"
"867","phytoplankton","water","growth","n_limitation","aed2","X_ncon","phyto_data/pd%X_ncon","mmol N mmol C-1","0.035","1.0.0","concentration, used if simINDynamics = 0 or 1"
"868","nitrogen","water","denitrification","denitrification","wet","NO3PerCW","DOM/parameters/NO3PerCW","mol/mol","1","1","denitrified NO3 per C mineralised"
"869","nitrogen","water","denitrification","denitrification","wet","NO3PerCW","POM/parameters/NO3PerCW","mol/mol","1","1","denitrified NO3 per C mineralised"
"870","nitrogen","water","denitrification","denitrification","wet","NO3PerCW","humus/parameters/NO3PerCW","mol/mol","1","1","denitrified NO3 per C mineralised"
"871","zoobenthos","sediment","grazing","food_items","wet","nPrey","{group_name}/parameters/nPrey","-","1","1","number of prey types"
"872","phytoplankton","water","stoichiometry","nitrogen_ratio","pclake","cPDDiatMin","parameters/cPDDiatMin","gP*gDW^-1","5.00E-04","1.0.0","Minimum_P/day_ratio_Diatoms"
"873","phytoplankton","water","stoichiometry","nitrogen_ratio","pclake","cPDGrenMin","parameters/cPDGrenMin","gP*gDW^-1","0.0015","1.0.0","Minimum_P/day_ratio_greens"
"874","phytoplankton","water","stoichiometry","nitrogen_ratio","pclake","cPDBlueMin","parameters/cPDBlueMin","gP*gDW^-1","0.0025","1.0.0","Minimum_P/day_ratio_Bluegreens"
"875","phytoplankton","water","stoichiometry","nitrogen_ratio","pclake","cPDDiatMax","parameters/cPDDiatMax","gP*gDW^-1","0.005","1.0.0","Max_P/day_ratio_Diatoms"
"876","phytoplankton","water","stoichiometry","nitrogen_ratio","pclake","cPDGrenMax","parameters/cPDGrenMax","gP*gDW^-1","0.015","1.0.0","Max_P/day_ratio_greens"
"877","phytoplankton","water","stoichiometry","nitrogen_ratio","pclake","cPDBlueMax","parameters/cPDBlueMax","gP*gDW^-1","0.025","1.0.0","Max_P/day_ratio_blue-greens"
"878","phytoplankton","water","growth","n_limitation","aed2","X_nmax","phyto_data/pd%X_nmax","mmol N mmol C-1 ","0.21","1.0.0","maximum internal nitrogen concentration, used if simINDynamics = 2"
"879","nitrogen","sediment","nitrification","nitrification","wet","O2PerNH4S","abiotic_sediment/parameters/O2PerNH4S","mol/mol","2","1","O2 used per NH4 nitrified"
"880","nitrogen","water","nitrification","nitrification","wet","O2PerNH4W","abiotic_water/parameters/O2PerNH4W","mol/mol","2","1","used O2 per NH4 nitrified"
"881","phytoplankton","water","stoichiometry","nutrient_ratio","pclake","fDissMortPhyt","parameters/fDissMortPhyt","-","0.2","1.0.0","Soluble_nutrient_fraction_of_died_Algae"
"882","phytoplankton","water","growth","n_limitation","aed2","X_nmin","phyto_data/pd%X_nmin","mmol N mmol C-0","0.06","1.0.0","minimum internal nitrogen concentration, used if simINDynamics = 2"
"883","phytoplankton","water","stoichiometry","phosphorus_ratio","pclake","cNDDiatMin","parameters/cNDDiatMin","gN*gDW^-1","0.01","1.0.0","Minimum_N/day_ratio_Diatoms"
"884","phytoplankton","water","stoichiometry","phosphorus_ratio","pclake","cNDGrenMin","parameters/cNDGrenMin","gN*gDW^-1","0.02","1.0.0","Minimum_N/day_ratio_greens"
"885","phytoplankton","water","stoichiometry","phosphorus_ratio","pclake","cNDBlueMin","parameters/cNDBlueMin","gN*gDW^-1","0.03","1.0.0","Minimum_N/day_ratio_Bluegreens"
"886","phytoplankton","water","stoichiometry","phosphorus_ratio","pclake","cNDDiatMax","parameters/cNDDiatMax","gN*gDW^-1","0.05","1.0.0","Max_N/day_ratio_Diatoms"
"887","phytoplankton","water","stoichiometry","phosphorus_ratio","pclake","cNDGrenMax","parameters/cNDGrenMax","gN*gDW^-1","0.1","1.0.0","Max_N/day_ratio_greens"
"888","phytoplankton","water","stoichiometry","phosphorus_ratio","pclake","cNDBlueMax","parameters/cNDBlueMax","gN*gDW^-1","0.15","1.0.0","Max_N/DW_ratio_blue-greens"
"889","zoobenthos","sediment","grazing","preference","wet","POMpref","{group_name}/parameters/POMpref","-","1","1","lEatPOM = .true.; selection factor for POM consumption"
"890","phytoplankton","water","stoichiometry","phycocyanin_ratio","pclake","cCyDBlueMin","parameters/cCyDBlueMin","gChl*gDW^-1","0.004","1.0.0","Min_c-phycocyanin/C_ratio_Bluegreens"
"891","phytoplankton","water","stoichiometry","phycocyanin_ratio","pclake","cCyDBlueMax","parameters/cCyDBlueMax","gChl*gDW^-1","0.06","1.0.0","Max_c-phycocyanin/C_ratio_Bluegreens"
"892","phytoplankton","water","stoichiometry","silica_ratio","pclake","cSiDDiat","parameters/cSiDDiat","gSi*gDW^-1","0.15","1.0.0","Si/DW_ratio_of_diatoms"
"893","phytoplankton","water","stoichiometry","uptake_n","pclake","cVNUptMaxBlue","parameters/cVNUptMaxBlue","gN*gDW^-1*d^-1","0.07","1.0.0","Maximum_N_uptake_capacity_of_Bluegreens"
"894","phytoplankton","water","stoichiometry","uptake_n","pclake","cVNUptMaxDiat","parameters/cVNUptMaxDiat","gN*gDW^-1*d^-1","0.07","1.0.0","Maximum_N_uptake_capacity_of_Diatoms"
"895","phytoplankton","water","stoichiometry","uptake_n","pclake","cVNUptMaxGren","parameters/cVNUptMaxGren","gN*gDW^-1*d^-1","0.07","1.0.0","Maximum_N_uptake_capacity_of_greens"
"896","phytoplankton","water","stoichiometry","uptake_n","pclake","cAffNUptBlue","parameters/cAffNUptBlue","m^3*gDW^-1*d^-1","0.2","1.0.0","Initial_N_uptake_affinity_Bluegreens"
"897","phytoplankton","water","stoichiometry","uptake_n","pclake","cAffNUptDiat","parameters/cAffNUptDiat","m^3*gDW^-1*d^-1","0.2","1.0.0","Initial_N_uptake_affinity_Diatoms"
"898","phytoplankton","water","stoichiometry","uptake_n","pclake","cAffNUptGren","parameters/cAffNUptGren","m^3*gDW^-1*d^-1","0.2","1.0.0","Initial_N_uptake_affinity_greens"
"899","zoobenthos","sediment","grazing","prey_identity","wet","prey_suffix1","{group_name}/parameters/prey_suffix1","-","S","1","prey name suffix 1"
"900","phytoplankton","water","growth","si_limitation","wet","lSi","{group_name}/parameters/lSi","(boolean)"," false","1","toggle Si usage"
"901","phytoplankton","water","stoichiometry","uptake_p","pclake","cVPUptMaxDiat","parameters/cVPUptMaxDiat","gP*gDW^-1*d^-1","0.01","1.0.0","Maximum_P_uptake_capacity_of_Diatoms"
"902","phytoplankton","water","stoichiometry","uptake_p","pclake","cVPUptMaxGren","parameters/cVPUptMaxGren","gP*gDW^-1*d^-1","0.01","1.0.0","Maximum_P_uptake_capacity_of_greens"
"903","phytoplankton","water","stoichiometry","uptake_p","pclake","cVPUptMaxBlue","parameters/cVPUptMaxBlue","gP*gDW^-1*d^-1","0.04","1.0.0","Maximum_P_uptake_capacity_of_Bluegreens"
"904","phytoplankton","water","stoichiometry","uptake_p","pclake","cAffPUptDiat","parameters/cAffPUptDiat","m^3*gDW^-1*d^-1","0.2","1.0.0","Initial_P_uptake_affinity_Diatoms"
"905","phytoplankton","water","stoichiometry","uptake_p","pclake","cAffPUptGren","parameters/cAffPUptGren","m^3*gDW^-1*d^-1","0.2","1.0.0","Initial_P_uptake_affinity_greens"
"906","phytoplankton","water","stoichiometry","uptake_p","pclake","cAffPUptBlue","parameters/cAffPUptBlue","m^3*gDW^-1*d^-1","0.8","1.0.0","Initial_P_uptake_affinity_Bluegreens"
"907","carbon","water","water_sediment_exchange","sedimentation","selmaprotbas","sedrate","selmaprotbas/parameters/sedrate","m d-1","2.25","1.0.0","detritus sedimentation rate"
"908","phytoplankton","water","stoichiometry","uptake_si","pclake","hSiAssBlue","parameters/hSiAssBlue","gSi*m^-3","0","1.0.0","Half-sat_Si_conc_for_growth_of_blue-greens_=_0"
"909","phytoplankton","water","stoichiometry","uptake_si","pclake","hSiAssGren","parameters/hSiAssGren","gSi*m^-3","0","1.0.0","Half-sat_Si_conc_for_growth_of_green_algae_=_0"
"910","phytoplankton","water","stoichiometry","uptake_si","pclake","hSiAssDiat","parameters/hSiAssDiat","gSi*m^-3","0.09","1.0.0","Half_sat_Si_for_diatoms"
"911","phytoplankton","water","stoichiometry","silica_ratio","wet","cSiD","{group_name}/parameters/cSiD","mgSi/mgDW","0.15","1","lSi=.true.; Si/DW ratio"
"912","carbon","water","vertical_movement","settling","wet","cVSetIM","abiotic_water/parameters/cVSetIM","m/d","-1.1","1","maximum settling rate of inorganic matter"
"913","phytoplankton","water","water_sediment_exchange","settling","selmaprotbas","sedrate","{group_name}/parameters/sedrate","m d-1","0","1.0.0","sedimentation rate"
"914","phytoplankton","water","growth","temperature_limitation","wet","cSigTm","{group_name}/parameters/cSigTm","*C","11.6","1","growth rate temperature constant; sigma in Gaussian curve"
"915","phytoplankton","water","growth","temperature_limitation","wet","cTmOpt","{group_name}/parameters/cTmOpt","*C","25","1","optimum temperature of growth rate"
"916","macrophytes","sediment","initial_conditions","initial_macrophytes","wet","sD","{group_name}/initialization/sD","gDW/m2","1","1","DW"
"917","phytoplankton","water","water_sediment_exchange","resuspension","selmaprotbas","tau_crit","{group_name}/parameters/tau_crit","N m-2","0.07","1.0.0","critical shear stress"
"918","phytoplankton","water","growth","p_limitation","aed2","X_pcon","phyto_data/pd%X_pcon","mmol Pmmol C-1","0.002","1.0.0","constant internal phosphorus concentration, used if simIPDynamics = 0 or 1"
"919","phytoplankton","water","growth","p_limitation","aed2","X_pmax","phyto_data/pd%X_pmax","mmol Pmmol C-1","0.0089","1.0.0","maximum internal phosphorus concentration, used if simIPDynamics = 2"
"920","phytoplankton","water","growth","p_limitation","aed2","X_pmin","phyto_data/pd%X_pmin","mmol Pmmol C-1","0.00077","1.0.0","minimum internal phosphorus concentration, used if simIPDynamics = 2"
"921","phytoplankton","water","growth","si_limitation","aed2","X_sicon","phyto_data/pd%X_sicon","mmol Si mmol C-1","0","1.0.0","constant_concentration"
"922","phytoplankton","water","vertical_movement","vertical_velocity","mylake","Uz_Chl","Bio.par/Uz_Chl","m d-1","0.2","1.0.0","settling velocity for Chl a"
"923","zoobenthos","sediment","initial_conditions","initial_zoobenthos","wet","sD","{group_name}/initialization/sD","gDW/m2","0.3","1","DW"
"924","phytoplankton","water","growth","temperature_minimum","selmaprotbas","temp_min","{group_name}/parameters/temp_min","degC","8","1.2.0","temperature below optimum where growth is 10% of maximum (degrees C), default = 0.0"
"925","phytoplankton","water","growth","temperature_optimum","selmaprotbas","temp_opt","{group_name}/parameters/temp_opt","degC","20","1.2.0","optimum temperature of growth rate (degrees C), default = 20.0"
"926","phytoplankton","water","stoichiometry","uptake_n","wet","cAffNUpt","{group_name}/parameters/cAffNUpt","l/mgDW/d","0.2","1","N uptake affinity"
"927","phytoplankton","water","stoichiometry","uptake_n","wet","cVNUptMax","{group_name}/parameters/cVNUptMax","mgN/mgDW/d","0.08","1","N uptake capacity at 20*C"
"928","phytoplankton","water","stoichiometry","uptake_p","wet","cAffPUpt","{group_name}/parameters/cAffPUpt","l/mgDW/d","0.8","1","P uptake affinity"
"929","phytoplankton","water","stoichiometry","uptake_p","wet","cVPUptMax","{group_name}/parameters/cVPUptMax","mgP/mgDW/d","0.04","1","P uptake capacity at 20*C"
"930","phytoplankton","water","vertical_movement","vertical_velocity","wet","cVSwim","{group_name}/parameters/cVSwim","m/d","10","1","qTrans > 1; vertical swimming speed"
"931","phytoplankton","water","vertical_velocity","flotation","pclake","cVWindThrBlue","parameters/cVWindThrBlue","m*s^-1","3","1.0.0","Wind_threshold_velocity_Blue-greens"
"932","phytoplankton","water","vertical_velocity","flotation","pclake","cChlaThrBlue","parameters/cChlaThrBlue","mgChl*m^-3","10","1.0.0","Floating_velocity_Blue-greens"
"933","phytoplankton","water","vertical_velocity","flotation","pclake","cVFloMaxBlueW","parameters/cVFloMaxBlueW","m*d^-1","10","1.0.0","Maximum_floating_velocity_Blue-greens"
"934","phytoplankton","water","vertical_velocity","flotation","pclake","cTmThrBlue","parameters/cTmThrBlue","oC","15","1.0.0","Dormancy_temperature_Blue-greens"
"935","phytoplankton","water","vertical_velocity","flotation","pclake","cStepPow","parameters/cStepPow","-","20","1.0.0","Power_constant_for_step_function"
"936","phytoplankton","water","stoichiometry","chlorophyll_ratio","aed2","Xcc","phyto_data/pd%Xcc","mg C mg Chla-1","50","1.0.0","carbon : chlorophyll a ratio"
"937","phytoplankton","water","growth","equation_options_growth_rate","selmaprotbas","tlim","{group_name}/parameters/tlim","(integer)","5","1.0.0","temperature limitation of growth (0: none (i.e. beta only), 1: flagellate-style, 2: cyanobacteria-style)"
"938","phytoplankton","water_marsh","initial_conditions","initial_phyto","pclake","sDBlueWM0","initialstates/sDBlueWM0","gDW*m^-2","","1.0.0","Blue-greens_DW_in_marsh_water"
"939","phytoplankton","water_marsh","initial_conditions","initial_phyto","pclake","sDDiatWM0","initialstates/sDDiatWM0","gDW*m^-2","","1.0.0","Diatoms_DW_in_marsh_water"
"940","phytoplankton","water_marsh","initial_conditions","initial_phyto","pclake","sDGrenWM0","initialstates/sDGrenWM0","gDW*m^-2","","1.0.0","Green_algae_DW_in_marsh_water"
"941","phytoplankton","water_marsh","initial_conditions","initial_phyto","pclake","sNBlueWM0","initialstates/sNBlueWM0","gN*m^-2","","1.0.0","Blue-greens_N_in_marsh_water"
"942","phytoplankton","water_marsh","initial_conditions","initial_phyto","pclake","sNDiatWM0","initialstates/sNDiatWM0","gN*m^-2","","1.0.0","Diatoms_N_in_marsh_water"
"943","phytoplankton","water_marsh","initial_conditions","initial_phyto","pclake","sNGrenWM0","initialstates/sNGrenWM0","gN*m^-2","","1.0.0","Green_algae_N_in_marsh_water"
"944","phytoplankton","water_marsh","initial_conditions","initial_phyto","pclake","sPBlueWM0","initialstates/sPBlueWM0","gP*m^-2","","1.0.0","Blue-greens_P_in_marsh_water"
"945","phytoplankton","water_marsh","initial_conditions","initial_phyto","pclake","sPDiatWM0","initialstates/sPDiatWM0","gP*m^-2","","1.0.0","Diatoms_P_in_marsh_water"
"946","phytoplankton","water_marsh","initial_conditions","initial_phyto","pclake","sPGrenWM0","initialstates/sPGrenWM0","gP*m^-2","","1.0.0","Green_algae_P_in_marsh_water"
"947","phytoplankton","water_marsh","initial_conditions","initial_phyto","pclake","uDPhytWM0","initialstates/uDPhytWM0","gDW*m^-2","","1.0.0","Total_initial_DW_in_phytoplankton_in_marsh_water"
"948","phytoplankton","water_marsh","initial_conditions","initial_phyto","pclake","uNPhytWM0","initialstates/uNPhytWM0","gN*m^-2","","1.0.0","Total_initial_N_in_phytoplankton_in_marsh_water"
"949","phytoplankton","water_marsh","initial_conditions","initial_phyto","pclake","uPPhytWM0","initialstates/uPPhytWM0","gP*m^-2","","1.0.0","Total_initial_P_in_phytoplankton_in_marsh_water"
"950","phytoplankton","water_marsh","initial_conditions","initial_phyto","pclake","uSiDiatWM0","initialstates/uSiDiatWM0","gSi*m^-2","","1.0.0","Total_initial_Si_in_phytoplankton_in_marsh_water"
"951","silicon","sediment","initial_conditions","initial_pom","pclake","sSiDetS0","initialstates/sSiDetS0","gSi*m^-2","","1.0.0","Detritus_Si_in_lake_sediment"
"952","macrophytes","sediment","initial_conditions","initial_macrophytes","wet","sD_PV","{group_name}/initialization/sD_PV","gDW/m2","1","1","DW pel. var"
"953","silicon","sediment","initial_conditions","initial_silicon","pclake","cSiDDetIn","parameters/cSiDDetIn","gSi*gDW^-1","0.05","1.0.0","Si_content_of_sediment_detritus"
"954","zoobenthos","sediment","initial_conditions","initial_zoobenthos","wet","sD_PV","{group_name}/initialization/sD_PV","gDW/m2","0.3","1","DW pel. var"
"955","carbon","water","vertical_movement","settling","wet","cVSet","POM/parameters/cVSet","m/d","0.3","1","maximum settling rate of POM"
"956","silicon","sediment_marsh","initial_conditions","initial_pom","pclake","sSiDetSM0","initialstates/sSiDetSM0","gSi*m^-2","","1.0.0","Detritus_Si_in_marsh_sediment"
"957","carbon","water","noncohesive","tracer","aed2","w_ss","aed2_noncohesive/w_ss","?","-0.03","1.0.0","Tracer"
"958","silicon","water","initial_conditions","initial_pom","pclake","cSiDDet0","initialstates/cSiDDet0","gSi*gDW^-1","0.01","1.0.0","Initial_Si_fraction_in_detritus_Tentative"
"959","silicon","water","initial_conditions","initial_pom","pclake","sSiDetWEpi0","initialstates/sSiDetWEpi0","gSi*m^-2","","1.0.0","Detritus_Si_in_epilimnion_lake_water"
"960","silicon","water","initial_conditions","initial_pom","pclake","sSiDetWHyp0","initialstates/sSiDetWHyp0","gSi*m^-2","","1.0.0","Detritus_Si_in_hypolimnion_lake_water"
"961","carbon","water","noncohesive","tracer","aed2","d_ss","aed2_noncohesive/d_ss","?","2.00E-06","1.0.0","Tracer"
"962","silicon","water","initial_conditions","initial_silicon","pclake","sSiExtTotT0","initialstates/sSiExtTotT0","gSi*m^-2","","1.0.0","Total_amount_of_Si_moved_into_or_out_from_the_system"
"963","silicon","water","initial_conditions","initial_silicon","pclake","uSiTotT0","initialstates/uSiTotT0","gSi*m^-2","","1.0.0","Total_initial_Si_in_the_lake"
"964","silicon","water","initial_conditions","initial_silicon","pclake","uSiTotTHyp0","initialstates/uSiTotTHyp0","gSi*m^-2","","1.0.0","Total_initial_Si_in_the_lake"
"965","silicon","water","initial_conditions","initial_silicon","pclake","sSiO2WEpi0","initialstates/sSiO2WEpi0","gSi*m^-2","","1.0.0","Dissolved_Si_in_epilimnion_lake_water"
"966","silicon","water","initial_conditions","initial_silicon","pclake","sSiO2WHyp0","initialstates/sSiO2WHyp0","gSi*m^-2","","1.0.0","Dissolved_Si_in_hypolimnion_lake_water"
"967","carbon","water","noncohesive","tracer","aed2","Ktau_0","aed2_noncohesive/Ktau_0","?","0.001","1.0.0","Tracer"
"968","silicon","water","water_column_processes","sedimentation","aed2","Fsed_rsi","aed2_silica/Fsed_rsi","?","5","1.0.0","Sedimentation flux for silica"
"969","silicon","water_marsh","initial_conditions","initial_pom","pclake","sSiDetWM0","initialstates/sSiDetWM0","gSi*m^-2","","1.0.0","Detritus_Si_in_marsh_water"
"970","silicon","water_marsh","initial_conditions","initial_silicon","pclake","uSiTotM0","initialstates/uSiTotM0","gSi*m^-2","","1.0.0","Total_initial_Si_in_the_marsh"
"971","silicon","water_marsh","initial_conditions","initial_silicon","pclake","sSiO2WM0","initialstates/sSiO2WM0","gSi*m^-2","","1.0.0","Dissolved_Si_in_marsh_water"
"972","carbon","water","noncohesive","tracer","aed2","epsilon","aed2_noncohesive/epsilon","?","0.01","1.0.0","Tracer"
"973","zoobenthos","sediment","dredging","dredging","pclake","fEffDredBent","parameters/fEffDredBent","-","0.5","1.0.0","Dredging_efficiency_for_zoobenthos_(<10)"
"974","zoobenthos","sediment","grazing","assimilation_efficiency","pclake","kDAssBent","parameters/kDAssBent","d^-1","0.1","1.0.0","Maximum_assimilation_rate"
"975","zoobenthos","sediment","grazing","assimilation_efficiency","pclake","fDAssBent","parameters/fDAssBent","-","0.3","1.0.0","C_ass_efficiency_of_zoobenthos"
"976","zoobenthos","sediment","grazing","assimilation_efficiency","pclake","hDFoodBent","parameters/hDFoodBent","gDW*m^-2","200","1.0.0","Half-saturating_food_for_zoobenthos"
"977","carbon","water","noncohesive","tracer","aed2","tau_0","aed2_noncohesive/tau_0","?","0.01","1.0.0","Tracer"
"978","carbon","water","noncohesive","tracer","aed2","Ke_ss","aed2_noncohesive/Ke_ss","?","0.06","1.0.0","Tracer"
"979","phytoplankton","water","growth","equation_options_temperature_limitation","selmaprotbas","tll","{group_name}/parameters/tll","-","13.5","1.0.0","if tlim = 1; half-saturation temperature, squared (degC2). if tlim = 2; lower temperature limit (degC)"
"980","macrophytes","sediment","initial_conditions","initial_macrophytes","wet","sN","{group_name}/initialization/sN","gN/m2","0.02","1","N"
"981","zoobenthos","sediment","initial_conditions","initial_zoobenthos","wet","sN","{group_name}/initialization/sN","gN/m2","0.021","1","N"
"982","macrophytes","sediment","initial_conditions","initial_macrophytes","wet","sN_PV","{group_name}/initialization/sN_PV","gDW/m2","0.02","1","N pel. var"
"983","zoobenthos","sediment","grazing","temperature_limitation","pclake","cSigTmBent","parameters/cSigTmBent","oC","16","1.0.0","Temperature_constant_of_zoobenthos(sigma_in_Gaussian_curve)"
"984","zoobenthos","sediment","grazing","temperature_limitation","pclake","cTmOptBent","parameters/cTmOptBent","oC","25","1.0.0","Optimum_temp_of_zoobenthos"
"985","zoobenthos","sediment","initial_conditions","initial_zoobenthos","wet","sN_PV","{group_name}/initialization/sN_PV","gDW/m2","0.021","1","N pel. var"
"986","nitrogen","sediment","initial_conditions","initial_dom","wet","sNS","DOM/initialization/sNS","g/m2","0.06","1","dissolved organic N"
"987","nitrogen","water","initial_conditions","initial_dom","wet","sNW","DOM/initialization/sNW","g/m3","0.01","1","dissolved organic N"
"988","zoobenthos","sediment","initial_conditions","initial_zoobenthos","pclake","sDBent0","initialstates/sDBent0","gDW*m^-2","","1.0.0","Zoobenthos_DW_in_lake_sediment"
"989","zoobenthos","sediment","initial_conditions","initial_zoobenthos","pclake","sNBent0","initialstates/sNBent0","gN*m^-2","","1.0.0","Zoobenthos_N_in_lake_sediment"
"990","zoobenthos","sediment","initial_conditions","initial_zoobenthos","pclake","sPBent0","initialstates/sPBent0","gP*m^-2","","1.0.0","Zoobenthos_P_in_lake_sediment"
"991","nitrogen","sediment","initial_conditions","initial_ammonium","wet","sNH4S","abiotic_sediment/initialization/sNH4S","g/m2","0.04","1","ammonium"
"992","nitrogen","water","initial_conditions","initial_ammonium","wet","sNH4W","abiotic_water/initialization/sNH4W","g/m3","0.05","1","ammonium"
"993","nitrogen","sediment","initial_conditions","initial_humus","wet","sNS","humus/initialization/sNS","g/m2","166","1","humus N"
"994","nitrogen","sediment","initial_conditions","initial_nitrate","wet","sNO3S","abiotic_sediment/initialization/sNO3S","g/m2","0.025","1","nitrate"
"995","nitrogen","water","initial_conditions","initial_nitrate","wet","sNO3W","abiotic_water/initialization/sNO3W","g/m3","0.5","1","nitrate"
"996","nitrogen","sediment","initial_conditions","initial_pom","wet","sNS","POM/initialization/sNS","g/m2","60","1","particulate organic N"
"997","zoobenthos","sediment","initial_conditions","maximum_concentration","pclake","cDCarrBent","parameters/cDCarrBent","gDW*m^-2","20","1.0.0","Carrying_capacity_of_zoobenthos"
"998","nitrogen","water","initial_conditions","initial_pom","wet","sNW","POM/initialization/sNW","g/m3","0.01","1","particulate organic N"
"999","zoobenthos","sediment","migration","migration","pclake","kMigrBent","parameters/kMigrBent","d^-1","0.001","1.0.0","Zoobenthos_migration_rate"
"1000","zoobenthos","sediment","migration","migration","pclake","cDBentIn","parameters/cDBentIn","gDW*m^-2","0.01","1.0.0","External_zoobenthos_density"
"1001","phytoplankton","water","light","light_limitation","selmaprotbas","use_24h_light","{group_name}/parameters/use_24h_light","(boolean)","FALSE","1.2.0","use 24h averaged light for growth, default = false"
"1002","phytoplankton","water","vertical_movement","vertical_velocity","selmaprotbas","vert_vel_nutrient","{group_name}/parameters/vert_vel_nutrient","m d-1","0","1.0.0","vertical velocity at nutrient limitation below buoy_nutrient_limit;  if buoyancy_regulation = true"
"1003","zoobenthos","sediment","mortality","mortality_rate","pclake","kMortBent","parameters/kMortBent","d^-1","0.005","1.0.0","Mortality_constant_of_zoobenthos"
"1004","oxygen","sediment","water_sediment_exchange","sediment_flux","aed2","Ksed_oxy","aed2_oxygen/Ksed_oxy","mmol m-3","6.8","1.0.0","half-saturation concentration of oxygen sediment flux"
"1005","zoobenthos","sediment","respiration","respiration_rate","pclake","kDRespBent","parameters/kDRespBent","d^-1","0.005","1.0.0","Maint_respiration_constant_of_zoobenthos"
"1006","macrophytes","sediment","initial_conditions","initial_macrophytes","wet","sP","{group_name}/initialization/sP","gP/m2","0.002","1","P"
"1007","zoobenthos","sediment","stoichiometry","nitrogen_ratio","pclake","cNDBentRef","parameters/cNDBentRef","gN*gDW^-1","0.07","1.0.0","Reference_N/C_ratio_of_zoobenthos"
"1008","zoobenthos","sediment","initial_conditions","initial_zoobenthos","wet","sP","{group_name}/initialization/sP","gP/m2","0.003","1","P"
"1009","zoobenthos","sediment","stoichiometry","nutrient_ratio","pclake","fDissMortBent","parameters/fDissMortBent","-","0.1","1.0.0","Soluble_P_fraction_of_died_zoobenthos_P"
"1010","zoobenthos","sediment","stoichiometry","nutrient_ratio","pclake","fDissEgesBent","parameters/fDissEgesBent","-","0.25","1.0.0","Soluble_nutrient_fraction_of_by_zoobenthos_egested_food"
"1011","zoobenthos","sediment","stoichiometry","phosphorus_ratio","pclake","cPDBentRef","parameters/cPDBentRef","gP*gDW^-1","0.01","1.0.0","Reference_P/C_ratio_of_zoobenthos"
"1012","zooplankton","water","filtration","filtration_rate","pclake","hFilt","parameters/hFilt","gDW*m^-3","1","1.0.0","Half-sat_food_conc_for_filtering"
"1013","zooplankton","water","filtration","filtration_rate","pclake","cFiltMax","parameters/cFiltMax","m^3*gDW^-1*d^-1","4.5","1.0.0","Maximum_filtering_rate(when_DOMW=0)"
"1014","zooplankton","water","food_preference","preference_phyto","pclake","cPrefBlue","parameters/cPrefBlue","-","0.125","1.0.0","Selection_factor_for_Bluegreens_Cal"
"1015","zooplankton","water","food_preference","preference_phyto","pclake","cPrefBlueSurf","parameters/cPrefBlueSurf","-","0.125","1.0.0","Selection_factor_for_Bluegreens_on_surface_Cal"
"1016","zooplankton","water","food_preference","preference_phyto","pclake","cPrefDiat","parameters/cPrefDiat","-","0.75","1.0.0","Selection_factor_for_Diatoms"
"1017","zooplankton","water","food_preference","preference_phyto","pclake","cPrefGren","parameters/cPrefGren","-","0.75","1.0.0","Selection_factor_for_Greens"
"1018","zooplankton","water","food_preference","preference_pom","pclake","cPrefDet","parameters/cPrefDet","-","0.25","1.0.0","Selection_factor_for_detritus"
"1019","zooplankton","water","grazing","assimilation_efficiency","pclake","fDAssZoo","parameters/fDAssZoo","-","0.35","1.0.0","DW-assimilation_efficiency_of_herb_zooplankton"
"1020","macrophytes","sediment","initial_conditions","initial_macrophytes","wet","sP_PV","{group_name}/initialization/sP_PV","gDW/m2","0.002","1","P pel. var"
"1021","zoobenthos","sediment","initial_conditions","initial_zoobenthos","wet","sP_PV","{group_name}/initialization/sP_PV","gDW/m2","0.003","1","P pel. var"
"1022","phosphorus","sediment","initial_conditions","initial_pim","wet","sPAIMS","abiotic_sediment/initialization/sPAIMS","g/m2","2","1","absorbed phosphate"
"1023","phosphorus","water","initial_conditions","initial_pim","wet","sPAIMW","abiotic_water/initialization/sPAIMW","g/m3","0","1","IM-adsorbed P"
"1024","zooplankton","water","initial_conditions","initial_zoo","selmaprotbas","c","{group_name}/initialization/c","mmol C m-3","0.006625","1.0.0","Initial concentration of zooplankton"
"1025","zooplankton","water","initial_conditions","minimum_concentration","selmaprotbas","c0","{group_name}/parameters/c0","mmol C m-3","0","1.0.0","background concentration"
"1026","zooplankton","water","grazing","grazing_rate","aed2","Rgrz_zoo","zoop_params/zoop_param%Rgrz_zoo","d-1","1","1.0.0","OM"
"1027","zooplankton","water","excreton","dom","selmaprotbas","couple_dom","{group_name}/parameters/couple_dom","(boolean)","TRUE","1.2.0","couple to dom module, default = false"
"1028","phosphorus","sediment","initial_conditions","initial_dom","wet","sPS","DOM/initialization/sPS","g/m2","0.01","1","dissolved organic P"
"1029","phosphorus","water","initial_conditions","initial_dom","wet","sPW","DOM/initialization/sPW","g/m3","0.001","1","dissolved organic P"
"1030","zooplankton","water","grazing","grazing_rate","selmaprotbas","graz","{group_name}/parameters/graz","d-1","0.5","1.0.0","grazing rate"
"1031","phosphorus","sediment","initial_conditions","initial_humus","wet","sPS","POM/initialization/sPS","g/m2","10","1","humus P"
"1032","phosphorus","sediment","initial_conditions","initial_phosphate","wet","sPO4S","abiotic_sediment/initialization/sPO4S","g/m2","0.02","1","phosphate"
"1033","zooplankton","water","grazing","grazing_rate","selmaprotbas","iv","{group_name}/parameters/iv","(mmol C m-3)-2","0.27341","1.0.0","Ivlev constant; quadratic"
"1034","phosphorus","water","initial_conditions","initial_phosphate","wet","sPO4W","abiotic_water/initialization/sPO4W","g/m3","0.1","1","phosphate"
"1035","zooplankton","water","grazing","temperature_limitation","pclake","cSigTmZoo","parameters/cSigTmZoo","oC","13","1.0.0","Temperature_constant_zooplankton(sigma_in_Gaussian_curve)"
"1036","zooplankton","water","grazing","temperature_limitation","pclake","cTmOptZoo","parameters/cTmOptZoo","oC","25","1.0.0","Optimum_temp_zooplankton"
"1037","phosphorus","sediment","initial_conditions","initial_pom","wet","sPS","humus/initialization/sPS","g/m2","16","1","particulate organic P"
"1038","phosphorus","water","initial_conditions","initial_pom","wet","sPW","POM/initialization/sPW","g/m3","0.001","1","particulate organic P"
"1039","phytoplankton","water","vertical_movement","vertical_velocity","selmaprotbas","vert_vel_temp","{group_name}/parameters/vert_vel_temp","m d-1","0","1.0.0","vertical velocity at temperatures below buoy_temp_limit;  if buoyancy_regulation = true"
"1040","zooplankton","water","grazing","prey_identity","selmaprotbas","nprey","{group_name}/parameters/nprey","(integer)","1","1.0.0","number of prey"
"1041","zooplankton","water","initial_conditions","initial_zoop","pclake","sDZooEpi0","initialstates/sDZooEpi0","gDW*m^-2","","1.0.0","Zooplankton_DW_in_epilimnion_lake_water"
"1042","zooplankton","water","initial_conditions","initial_zoop","pclake","sDZooHyp0","initialstates/sDZooHyp0","gDW*m^-2","","1.0.0","Zooplankton_DW_in_hypolimnion_lake_water"
"1043","zooplankton","water","initial_conditions","initial_zoop","pclake","sNZooEpi0","initialstates/sNZooEpi0","gN*m^-2","","1.0.0","Zooplankton_N_in_epilimnion_lake_water"
"1044","zooplankton","water","initial_conditions","initial_zoop","pclake","sNZooHyp0","initialstates/sNZooHyp0","gN*m^-2","","1.0.0","Zooplankton_N_in_hypolimnion_lake_water"
"1045","zooplankton","water","initial_conditions","initial_zoop","pclake","sPZooEpi0","initialstates/sPZooEpi0","gP*m^-2","","1.0.0","Zooplankton_P_in_epilimnion_lake_water"
"1046","zooplankton","water","initial_conditions","initial_zoop","pclake","sPZooHyp0","initialstates/sPZooHyp0","gP*m^-2","","1.0.0","Zooplankton_P_in_hypolimnion_lake_water"
"1047","phytoplankton","water","vertical_movement","vertical_velocity","selmaprotbas","vert_vel1","{group_name}/parameters/vert_vel1","m d-1","-0.3","1.0.0","rate of vertical movement above par_limit1;  if buoyancy_regulation = true"
"1048","silicon","sediment","initial_conditions","initial_silicon","wet","sSiO2S","abiotic_sediment/initialization/sSiO2S","g/m2","0.1","1","dissolved SiO2"
"1049","silicon","water","initial_conditions","initial_silicon","wet","sSiO2W","abiotic_water/initialization/sSiO2W","g/m3","3.5","1","silica dioxide"
"1050","zooplankton","water","initial_conditions","maximum_concentration","pclake","cDCarrZoo","parameters/cDCarrZoo","gDW*m^-3","25","1.0.0","Carrying_capacity_of_zooplankton"
"1051","zooplankton","water","respiration","respiration_rate","selmaprotbas","nue","{group_name}/parameters/nue","m3 d-1 mmol C-1","0.001509","1.0.0","respiration rate"
"1052","silicon","sediment","initial_conditions","initial_pom","wet","sSiPaS","abiotic_sediment/initialization/sSiPaS","g/m2","14","1","particulate Si"
"1053","silicon","water","initial_conditions","initial_pom","wet","sSiPaW","abiotic_water/initialization/sSiPaW","g/m3","0.025","1","particulate Si"
"1054","zooplankton","water","grazing","preference","selmaprotbas","pref{prey_num}","{group_name}/parameters/pref{prey_num}","-","1","1.0.0","preference for prey number x"
"1055","zooplankton","water","mortality","mortality_rate","pclake","kMortZoo","parameters/kMortZoo","d^-1","0.04","1.0.0","Mortality_constant_herb_zooplankton"
"1056","zooplankton","water","stoichiometry","nitrogen_ratio","selmaprotbas","rfn","{group_name}/parameters/rfn","-","0.150943","1.0.0","nitrogen : carbon ratio (mol N/mol C)"
"1057","carbon","water","noncohesive","tracer","aed2","num_ss","aed2_noncohesive/num_ss","?","1","1.0.0","Tracer"
"1058","zooplankton","water","stoichiometry","phosphorus_ratio","selmaprotbas","rfr","{group_name}/parameters/rfr","-","0.009434","1.0.0","phosphorus : carbon ratio (mol P/mol C)"
"1059","zooplankton","water","respiration","respiration_rate","pclake","kDRespZoo","parameters/kDRespZoo","d^-1","0.15","1.0.0","Maintenance_respiration_constant_herb_zooplankton"
"1060","nitrogen","water","water_atmosphere_exchange","ammonium","wet","tNDepoNH4","abiotic_water/parameters/tNDepoNH4","g/m2/d","0","1","ammonium deposition"
"1061","zooplankton","water","stoichiometry","nitrogen_ratio","pclake","cNDZooRef","parameters/cNDZooRef","gN*gDW^-1","0.07","1.0.0","Reference_N/C-ratio_herb_zooplankton"
"1062","zooplankton","water","stoichiometry","silica_ratio","selmaprotbas","rfs","{group_name}/parameters/rfs","-","0","1.0.0","silica : carbon ratio (mol Si/mol C)"
"1063","nitrogen","water","water_atmosphere_exchange","nitrate","wet","tNDepoNO3","abiotic_water/parameters/tNDepoNO3","g/m2/d","0","1","nitrate deposition"
"1064","zooplankton","water","stoichiometry","nutrient_ratio","pclake","fDissMortZoo","parameters/fDissMortZoo","-","0.1","1.0.0","Soluble_nutrient_fraction_of_died_zooplankton"
"1065","zooplankton","water","stoichiometry","nutrient_ratio","pclake","fDissEgesZoo","parameters/fDissEgesZoo","-","0.25","1.0.0","Soluble_nutrient_fraction_of_by_herb_zoopl_egested_food"
"1066","zooplankton","water","mortality","mortality_rate","selmaprotbas","sigma_b","{group_name}/parameters/sigma_b","m3 d-1 mmol C-1","0.004528","1.0.0","mortality rate"
"1067","zooplankton","water","stoichiometry","phosphorus_ratio","pclake","cPDZooRef","parameters/cPDZooRef","gP*gDW^-1","0.01","1.0.0","Reference_P/C-ratio_herb_zooplankton"
"1068","zooplankton","water","grazing","grazing_rate","selmaprotbas","toptz","{group_name}/parameters/toptz","degC","20","1.0.0","optimal temperature for grazing"
"1069","phosphorus","water","water_atmosphere_exchange","phosphate","wet","tPDepoPO4","abiotic_water/parameters/tPDepoPO4","g/m2/d","0","1","phosphate deposition"
"1070","zooplankton","water_marsh","initial_conditions","initial_zoop","pclake","sDZooM0","initialstates/sDZooM0","gDW*m^-2","","1.0.0","Zooplankton_DW_in_marsh_water"
"1071","zooplankton","water_marsh","initial_conditions","initial_zoop","pclake","sNZooM0","initialstates/sNZooM0","gN*m^-2","","1.0.0","Zooplankton_N_in_marsh_water"
"1072","zooplankton","water_marsh","initial_conditions","initial_zoop","pclake","sPZooM0","initialstates/sPZooM0","gP*m^-2","","1.0.0","Zooplankton_P_in_marsh_water"
"1073","zooplankton","water","initial_conditions","","aed2","zoop_name ","zoop_params/zoop_param%zoop_name ","","NAME","",""
"1074","zooplankton","water","initial_conditions","initial_zoop","aed2","zoop_initial ","zoop_params/zoop_param%zoop_initial ","mmol/m3","2.9","","State variable name for zooplankton prey"
"1075","zooplankton","water","initial_conditions","minimum_concentration","aed2","min_zoo","zoop_params/zoop_param%min_zoo","mmol/m3","0.1","","Minimum concentration of zooplankton"
"1076","zooplankton","water","grazing","assimilation_efficiency","aed2","fassim_zoo","zoop_params/zoop_param%fassim_zoo","-","0.9","","Assimilation efficiency for zooplankton grazing "
"1077","zooplankton","water","grazing","grazing_rate","aed2","Kgrz_zoo","zoop_params/zoop_param%Kgrz_zoo","mmol/m3","41.7","","Half saturation constant for zooplankton grazing"
"1078","zooplankton","water","grazing","grazing_rate","aed2","theta_grz_zoo","zoop_params/zoop_param%theta_grz_zoo","-","1.07","","Temperature multiplier for zooplankton grazing"
"1079","zooplankton","water","respiration","respiration_rate","aed2","Rresp_zoo","zoop_params/zoop_param%Rresp_zoo"," /day","0.1","","Respiration rate coefficient"
"1080","zooplankton","water","mortality","mortality_rate","aed2","Rmort_zoo ","zoop_params/zoop_param%Rmort_zoo ","","0.01","","Mortaility rate coefficient"
"1081","zooplankton","water","fecalPellet fraction","fecal_pellet ratio","aed2","ffecal_zoo","zoop_params/zoop_param%ffecal_zoo","","0.1","","Fecal Pellet fraction of respiration"
"1082","zooplankton","water","excretion","excretion_rate","aed2","fexcr_zoo","zoop_params/zoop_param%fexcr_zoo","","0.7","","Excretion fraction of respiration"
"1083","zooplankton","water","fecalPellet fraction","fecal_pellet ratio","aed2","ffecal_sed","zoop_params/zoop_param%ffecal_sed","","0.15","","Fraction of fecal pellets that sink directly to sediments (hard fraction)"
"1084","zooplankton","water","respiration","respiration_rate","aed2","theta_resp_zoo","zoop_params/zoop_param%theta_resp_zoo","","1.07","","Temperature multiplier for zooplankton respiration "
"1085","zooplankton","water","growth","temperature_limitation","aed2","Tstd_zoo","zoop_params/zoop_param%Tstd_zoo","oC","20","","Standard temperature for zooplankton respiration temperature dependence"
"1086","zooplankton","water","growth","temperature_limitation","aed2","Topt_zoo","zoop_params/zoop_param%Topt_zoo","oC","22","","Optimal temperature for zooplankton temperature dependence"
"1087","zooplankton","water","growth","temperature_limitation","aed2","Tmax_zoo","zoop_params/zoop_param%Tmax_zoo","","30","","Maximum temperature for zooplankton temperature dependence"
"1088","zooplankton","water","mortality","salt_limitation","aed2","saltfunc_zoo","zoop_params/zoop_param%saltfunc_zoo","","1","","Type of salinity limitation function used in mortality"
"1089","zooplankton","water","growth","salt_limitation","aed2","Smin_zoo","zoop_params/zoop_param%Smin_zoo","psu","0","","Minimum salinity for zooplankton survival"
"1090","zooplankton","water","growth","salt_limitation","aed2","Smax_zoo","zoop_params/zoop_param%Smax_zoo","psu","35","","Maximum salinity for zooplankton survival"
"1091","zooplankton","water","growth","salt_limitation","aed2","Sint_zoo","zoop_params/zoop_param%Sint_zoo","psu","10","","Intercept for salinity = 0 "
"1092","zooplankton","water","stoichiometry","nitrogen_carbon","aed2","INC_zoo","zoop_params/zoop_param%INC_zoo","","0.2","","Ratio of internal nitrogen to carbon"
"1093","zooplankton","water","stoichiometry","phoshorus_carbon","aed2","IPC_zoo","zoop_params/zoop_param%IPC_zoo","","0.01","","Ratio of internal phosphorus to carbon"
"1094","zooplankton","water","respiration","respiration_rate","aed2","DOmin_zoo","zoop_params/zoop_param%DOmin_zoo","mmolO2/m3","10","","Minimum concentration of oxygen for zooplankton survival"
"1095","zooplankton","water","grazing","minimum_grazing","aed2","Cmin_grz_zoo","zoop_params/zoop_param%Cmin_grz_zoo","mmol/m3","0.05","","Minumum prey concentration for grazing by zooplankton"
"1096","zooplankton","water","grazing","prey_identity","aed2","num_prey ","zoop_params/zoop_param%num_prey ","","3","","Number of state variables for zooplankton prey"
"1097","zooplankton","water","grazing","prey_identity","aed2","zoop_prey ","zoop_params/zoop_param%prey(1)%zoop_prey ","","NAME","","Number of state variables for zooplankton prey"
"1098","zooplankton","water","grazing","preference","aed2","Pzoo_prey","zoop_params/zoop_param%prey(1)%Pzoo_prey","","0.4","","Preference factors for zooplankton predators grazing on prey"
"1099","zooplankton","water","grazing","prey_identity","aed2","zoop_prey","zoop_params/zoop_param%prey(2)%zoop_prey","","NAME","","Number of state variables for zooplankton prey"
"1100","zooplankton","water","grazing","preference","aed2","Pzoo_prey","zoop_params/zoop_param%prey(2)%Pzoo_prey","","0.4","","Preference factors for zooplankton predators grazing on prey"
"1101","zooplankton","water","grazing","prey_identity","aed2","zoop_prey","zoop_params/zoop_param%prey(3)%zoop_prey","","NAME","","Number of state variables for zooplankton prey"
"1102","zooplankton","water","grazing","preference","aed2","Pzoo_prey","zoop_params/zoop_param%prey(3)%Pzoo_prey","","0.2","","Preference factors for zooplankton predators grazing on prey"
"1103","zooplankton","water","grazing","assimilation_efficiency","wet","cClearPrey{prey_num}","{group_name}/parameters/cClearPrey{prey_num}","m3/gDW/d","2","2.3","clearance rate for prey 1, default = 2.0"
"1104","zooplankton","water","initial_conditions","minimum_concentration","wet","cDMinZoo","{group_name}/parameters/cDMinZoo","gDW/m3","0.00001","2.3","minimum DW concentration, default = 0.00001"
"1105","zooplankton","water","growth","carrying_capacity","wet","cDCarrZoo","{group_name}/parameters/cDCarrZoo","gDW/m3","25","2.3","carrying capacity, default = 25.0"
"1106","zooplankton","water","vertical_movement","","wet","cMaxLight","{group_name}/parameters/cMaxLight","W/m2","40","2.3","qtrans = 3; light level triggering downwards swimming, default = 40.0"
"1107","zooplankton","water","vertical_movement","","wet","cMinLight","{group_name}/parameters/cMinLight","W/m2","40","2.3","qtrans = 3; light level triggering upwards swimming, default = 40.0"
"1108","zooplankton","water","vertical_movement","","wet","cMinO2","{group_name}/parameters/cMinO2","gO2/m3","2","2.3","qtrans > 1; oxygen conc. limit, default = 2.0"
"1109","zooplankton","water","growth","nutrient_ratio","wet","cNDRef","{group_name}/parameters/cNDRef","mgN/mgDW","0.07","2.3","reference N/DW-ratio(mgN/mgDW), default = 0.07"
"1110","zooplankton","water","growth","nutrient_ratio","wet","cPDRef","{group_name}/parameters/cPDRef","mgP/mgDW","0.01","2.3","reference P/DW-ratio(mgP/mgDW), default = 0.01"
"1111","zooplankton","water","growth","nutrient_ratio","wet","cCDRef","{group_name}/parameters/cCDRef","mgP/mgDW","0.45","2.3","reference C/DW-ratio(mgP/mgDW), default = 0.45"
"1112","zooplankton","water","grazing","temperature_limitation","wet","cSigTmZoo","{group_name}/parameters/cSigTmZoo","C","13","2.3","temperature constant; sigma in Gaussian curve(*C), default = 13.0"
"1113","zooplankton","water","grazing","temperature_limitation","wet","cTmOptZoo","{group_name}/parameters/cTmOptZoo","C","22","2.3","optimum temperature(*C), default = 22.0"
"1114","zooplankton","water","vertical_movement","","wet","cVswim","{group_name}/parameters/cVswim","m/d","15","2.3","qtrans > 1; vertical migration speed(m/d), default = 15.0"
"1115","zooplankton","water","grazing","assimilation_efficiency","wet","fDAssZoo","{group_name}/parameters/fDAssZoo","-","0.35","2.3","dry weight assimilation efficiency(-), default = 0.35"
"1116","zooplankton","water","grazing","egestation","wet","fDissEgesZoo","{group_name}/parameters/fDissEgesZoo","-","0.25","2.3","soluble inorg. nutrient fraction of egested food(-), default = 0.25"
"1117","zooplankton","water","mortality","nutrient_ratio","wet","fDissMortZoo","{group_name}/parameters/fDissMortZoo","-","0.1","2.3","soluble inorg. nutrient fraction of dead ind.(-), default = 0.1"
"1118","zooplankton","water","grazing","assimilation_efficiency","wet","fGutOccPrey{prey_num}","{group_name}/parameters/fGutOccPrey{prey_num}","-","1","2.3","gut occupation factor for prey 1 (-), default = 1.0"
"1119","zooplankton","water","mortality","dom_ratio","wet","fZooDOMW","{group_name}/parameters/fZooDOMW","-","0.35","2.3","DOM fraction of dead individuals(-), default = 0.35"
"1120","zooplankton","water","growth","standart_weight","wet","kDConsMaxZoo","{group_name}/parameters/kDConsMaxZoo","gDW/gDW/d","0.5","2.3","standard dry weight specific maximum consumption rate(gDW/gDW/d), default = 0.5"
"1121","zooplankton","water","respiration","respiration_rate","wet","kDRespZoo","{group_name}/parameters/kDRespZoo","1/d","0.2","2.3","maintenance respiration rate at 20*C(1/d), default = 0.2"
"1122","zooplankton","water","mortality","mortality_rate","wet","kMortZoo","{group_name}/parameters/kMortZoo","1/d","0.04","2.3","mortality rate(1/d), default = 0.04"
"1123","zooplankton","water","grazing","grazing","wet","lSi{prey_num}","{group_name}/parameters/lSi{prey_num}","-","FALSE","2.3","toggle prey 1 silica tracking (-), default = false"
"1124","zooplankton","water","grazing","food_items","wet","nPrey","{group_name}/parameters/nPrey","-","1","2.3","number of prey types(-), default = 1"
"1125","zooplankton","water","grazing","prey_identity","wet","prey_suffix{prey_num}","{group_name}/parameters/prey_suffix{prey_num}","-","W","2.3","prey 1 name suffix(-), default = ''"
"1126","zooplankton","water","","","wet","qODB","{group_name}/parameters/qODB","","1","2.3","toggle optimal diet breadth"
"1127","zooplankton","water","vertical_movement","","wet","qTrans","{group_name}/parameters/qTrans","","2","2.3","vert. trans. method"
"1128","zooplankton","water","","","wet","diagnostics","{group_name}/parameters/diagnostics","","FALSE","2.3",""
"1129","zooplankton","water","initial_conditions","initial_zooplankton","wet","sD","{group_name}/initialization/sD","gDW/m3","0.05","2.3","DW"
"1130","zooplankton","water","initial_conditions","initial_zooplankton","wet","sN","{group_name}/initialization/sN","gN/m3","0.0035","2.3","N (gN/m3)"
"1131","zooplankton","water","initial_conditions","initial_zooplankton","wet","sP","{group_name}/initialization/sP","gP/m3","0.0005","2.3","P (gP/m3)"
"1132","zooplankton","water","initial_conditions","initial_zooplankton","wet","sC","{group_name}/initialization/sC","","0.02","2.3",""
"1133","fish","water","initial_conditions","initial_fish","wet","sD","{group_name}/initialization/sD","gDW/m3","0.25","2.3","DW"
"1134","fish","water","initial_conditions","initial_fish","wet","sN","{group_name}/initialization/sN","gN/m3","0.025","2.3","N"
"1135","fish","water","initial_conditions","initial_fish","wet","sP","{group_name}/initialization/sP","gP/m3","0.0055","2.3","P"
"1136","fish","water","vertical_movement","vertical_velocity","wet","Vswim","{group_name}/parameters/Vswim","m/d","15","2.3","qTrans > 1; vertical migration speed"
"1137","fish","water","feeding","preference","wet","ZOOpref1","{group_name}/parameters/ZOOpref1","-","1","2.3","preference factor for zooplankton prey 1"
"1138","fish","water","feeding","preference","wet","ZOOpref2","{group_name}/parameters/ZOOpref2","","1","2.3","preference factor for zooplankton prey 2"
"1139","fish","water","growth","carrying_capacity","wet","cDCarrFish","{group_name}/parameters/cDCarrFish","gDW/m3","15","2.3","carrying capacity"
"1140","fish","water","migration","external_density","wet","cDFiIn","{group_name}/parameters/cDFiIn","gDW/m3","0.005","2.3","external density"
"1141","fish","water","initial_conditions","minimum_concentration","wet","cDFiMin","{group_name}/parameters/cDFiMin","gDW/m3","1.00E-05","2.3","minimum DW density"
"1142","fish","water","ageing","phenology","wet","cDayAgeFish","{group_name}/parameters/cDayAgeFish","day of the year","360","2.3","qStageOpt = 2 or 3; aging day of year for fis"
"1143","fish","water","reproduction","phenology","wet","cDayReprFish","{group_name}/parameters/cDayReprFish","day of the year","120","2.3","qStageOpt = 1 or 3; reproduction"
"1144","fish","water","vertical_movement","equation_options_vertical_velocity","wet","cMinLight","{group_name}/parameters/cMinLight","W/m2","50","2.3","qTrans = 3; light level triggering downwards swimming"
"1145","fish","water","vertical_movement","equation_options_vertical_velocity","wet","cMinO2","{group_name}/parameters/cMinO2","gO2/m3","2","2.3","qtrans > 1; oxygen conc. limit"
"1146","fish","water","stoichiometry","nitrogen_ratio","wet","cNDFishRef","{group_name}/parameters/cNDFishRef","mgN/mgDW","0.1","2.3","reference N/C ratio of fish"
"1147","fish","water","stoichiometry","phosphorus_ratio","wet","cPDFishRef","{group_name}/parameters/cPDFishRef","mgP/mgDW","0.022","2.3","reference P/C ratio of fish"
"1148","fish","water","feeding","environment_correction","wet","cRelVegZoo","{group_name}/parameters/cRelVegZoo","","0","2.3","decrease of fish feeding per macrophytes cove"
"1149","fish","water","feeding","temperature_limitation","wet","cSigTmFish","{group_name}/parameters/cSigTmFish","","10","2.3","temperature constant of fish"
"1150","fish","water","feeding","temperature_limitation","wet","cTmOptFish","{group_name}/parameters/cTmOptFish","*C","25","2.3","optimal temperature of zoo- and benthivorous fish"
"1151","fish","water","ageing","phenology","wet","fAgeFish","{group_name}/parameters/fAgeFish","1/d","0.5","2.3","qStageOpt = 2 or 3; yearly maturation fraction"
"1152","fish","water","feeding","assimilation_efficiency","wet","fDAssFi","{group_name}/parameters/fDAssFi","-","0.4","2.3","C assimilation efficiency of fish"
"1153","fish","water","stoichiometry","bone_fraction","wet","fDBone","{group_name}/parameters/fDBone","-","0.35","2.3","fraction of fish C fixed in bones and scales"
"1154","fish","water","feeding","egestation","wet","fDissEgesFish","{group_name}/parameters/fDissEgesFish","-","0.25","2.3","soluble nutrient frac. of fish egested food"
"1155","fish","water","mortality","nutrient_ratio","wet","fDissMortFish","{group_name}/parameters/fDissMortFish","","0.1","2.3","soluble nutrient frac. of dead fish"
"1156","fish","water","feeding","dom_ratio","wet","fFiDOMW","{group_name}/parameters/fFiDOMW","-","0","2.3","dissolved organic matter fraction from fish"
"1157","fish","water","feeding","zoobentivory_fraction ","wet","fFishBen","{group_name}/parameters/fFishBen","-","0","2.3","zoobentivory time fraction"
"1158","fish","water","feeding","piscivory_fraction ","wet","fFishPisc","{group_name}/parameters/fFishPisc","-","0","2.3","piscivory time fraction"
"1159","fish","water","feeding","zooplanktivory_fraction ","wet","fFishZoo","{group_name}/parameters/fFishZoo","-","1","2.3","zooplanktivory time fraction"
"1160","fish","water","stoichiometry","bone_fraction","wet","fPBone","{group_name}/parameters/fPBone","-","0.5","2.3","fraction of fish P fixed in bones and scales"
"1161","fish","water","reproduction","reproction_rate","wet","fReprFish","{group_name}/parameters/fReprFish","1/d","0.02","2.3","qStageOpt = 1 or 3; yearly reproduction fraction"
"1162","fish","water","feeding","feeding_rate","wet","hDZooFi","{group_name}/parameters/hDZooFi","g/m3","0.504480015","2.3","half-saturation zooplankton for zooplanktivory"
"1163","fish","water","feeding","assimilation_rate","wet","kDAssFi","{group_name}/parameters/kDAssFi","1/d","0.196838323","2.3","maximum assimilation rate of fish at 20*C"
"1164","fish","water","respiration","respiration_rate","wet","kDRespFi","{group_name}/parameters/kDRespFi","1/d","0.01","2.3","maintenance respiration constant of fish at 20*C"
"1165","fish","water","migration","migration_rate","wet","kMigrFish","{group_name}/parameters/kMigrFish","1/d","0.001","2.3","fish migration rate"
"1166","fish","water","mortality","mortality_rate","wet","kMortFi","{group_name}/parameters/kMortFi","1/d","0.001","2.3","specific mortality of fish"
"1167","fish","water","stoichiometry","stoichiometry_options","wet","lNutMeth","{group_name}/parameters/lNutMeth","(boolean)"," false","2.3","toggle fixed stochiometry"
"1168","fish","water","growth","vegetation_dependence","wet","lVegOpt","{group_name}/parameters/lVegOpt","(boolean)"," false","2.3","switch for macrophyte dependence on fish max assimilation"
"1169","fish","water","technical","","wet","nKShares","{group_name}/parameters/nKShares","-","0","2.3","qStageOpt > 0; # of not-coupled other stages sharing carr. cap."
"1170","fish","water","feeding","zooplankton_items","wet","nZOO","{group_name}/parameters/nZOO","(integer)","2","2.3","number of zooplankton prey"
"1171","fish","water","life_stages","equation_options_life_stages","wet","qStageOpt","{group_name}/parameters/qStageOpt","(integer)","2","2.3","stage coupling method: 0=nothing; 1=repro.; 2=maturation; 3=both"
"1172","fish","water","vertical_movement","equation_options_vertical_velocity","wet","qTrans","{group_name}/parameters/qTrans","-","2","2.3","vert. trans. method: 0=no trans.; 1=passive; 2=O2; 3=O2 & Light"
"1173","carbon","water","noncohesive","tracer","aed2","resuspension","aed2_noncohesive/resuspension","?","1","1.0.0","Tracer"
"1174","carbon","water","noncohesive","tracer","aed2","ss_initial","aed2_noncohesive/ss_initial","?","1","1.0.0","Tracer"
"1175","carbon","water","noncohesive","tracer","aed2","tau_r","aed2_noncohesive/tau_r","?","1","1.0.0","Tracer"
"1176","carbon","water","noncohesive","tracer","aed2","settling","aed2_noncohesive/settling","?","3","1.0.0","Tracer"
"1177","carbon","water","noncohesive","tracer","aed2","rho_ss","aed2_noncohesive/rho_ss","?","1500","1.0.0","Tracer"
"1178","nitrogen","sediment","mineralization","mineralization_nitrate","selmaprotbas","mbnnrate","selmaprotbas/parameters/mbnnrate","-","0.1","1.2.0","mineralization by nitrate rate relative to mineralization by oxygen (-), default = 0.1"
"1179","nitrogen","sediment","nitrification","nitrification_rate","selmaprotbas","nitrif_rate","selmaprotbas/parameters/nitrif_rate","d-1","0.1","1.2.0","nitrification rate (1/d), default = 0.1"
"1180","phytoplankton","water","vertical_movement","vertical_velocity","selmaprotbas","vert_vel2","{group_name}/parameters/vert_vel2","m d-1","-0.1","1.0.0","rate of vertical movement below par_limit1 and above par_limit2;  if buoyancy_regulation = true"
"1181","phytoplankton","water","vertical_movement","vertical_velocity","selmaprotbas","vert_vel3","{group_name}/parameters/vert_vel3","m d-1","0","1.0.0","rate of vertical movement below par_limit2 and above par_limit3;  if buoyancy_regulation = true"
"1182","phytoplankton","water","vertical_movement","vertical_velocity","selmaprotbas","vert_vel4","{group_name}/parameters/vert_vel4","m d-1","0.1","1.0.0","rate of vertical movement below par_limit3;  if buoyancy_regulation = true"
"1183","phytoplankton","water","vertical_movement","vertical_velocity","selmaprotbas","wz","{group_name}/parameters/wz","m d-1","0","1.0.0","Vertical velocity (negative is downwards)"
"1184","phytoplankton","water","stoichiometry","chlorophyll_ratio","selmaprotbas","Yc","{group_name}/parameters/Yc","mmol C/mg Chl a","6.25","1.0.0","carbon : chlorophyll a ratio"
"1185","zooplankton","water","mortality","mortality_rate","selmaprotbas","zcl1","{group_name}/parameters/zcl1","-","50","1.0.0","closure parameter"
"1186","oxygen","water","oxygen","min_oxygen","aed2","oxy_min","aed2_oxygen/oxy_min","mmol O2 m-3","0","1.0.0","-"
"1187","oxygen","water","water_atmosphere_exchange","piston_velocity","selmaprotbas","o2pvel_method","selmaprotbas/parameters/o2pvel_method","-","2","1.2.2","method to calculate piston velocity (1=user-defined parameter; 2=Liss & Merlivat; 3=Cole & Caroco, fresh; 4=Cole & Caroco, salt; 5=iHAMOCC model), default = 2"
"1188","oxygen","water","water_atmosphere_exchange","piston_velocity","selmaprotbas","o2sat_method","selmaprotbas/parameters/o2sat_method","-","1","1.2.2","method to calculate oxygen saturation concentration (1=Weiss; 2=Helcom polynomial; 3=seawater temperature only), default = 1"
"1189","oxygen","water","water_atmosphere_exchange","piston_velocity","selmaprotbas","o2corr_method","selmaprotbas/parameters/o2corr_method","-","0","1.2.2","correct oxygen saturation for pressure (0=not used; 1=elevation-based; 2=pressure-based), default = 0"
"1190","carbon","water","","","selmaprotbas","env_type","selmaprotbas/parameters/env_type","-","fresh","1.2.2","(Define environment type, either fresh or marine), default = marine"
"1191","nitrogen","sediment","denitrification","denitrification","selmaprotbas","den_frac_denanmx","selmaprotbas/parameters/den_frac_denanmx","-","1","1.2.2","relative contribution of denitrification out of total denitrification + anammox (-), default = 1.0"
"1192","nitrogen","sediment","denitrification","denitrification","selmaprotbas","den_frac_denanmx_sed","selmaprotbas/parameters/den_frac_denanmx_sed","-","1","1.2.2","relative contribution of denitrification out of total denitrification + anammox in sediment (-), default = 1.0"
"1193","oxygen","water","water_atmosphere_exchange","","selmaprotbas","elevation","selmaprotbas/parameters/elevation","m.a.s.l","0","1.2.2","elevation of the surface in meters above sea level, only used if o2corr_method=1 (m.a.s.l), default = 0.0"
"1194","phytoplankton","water","excretion","DOM_excretion","selmaprotbas","f_diss","{group_name}/parameters/f_diss","-","0.2","1.2.2","fraction of phytoplankton biomass that is dissolved, only used if couple_dom=true (-), default = 0.2"
"1195","dom","water","respiration","respiration","selmaprotbas","km_o2","dom/parameters/km_o2","mmol m-3","0.0123","1.2.2","respiration"
"1196","dom","water","denitrification","denitrification","selmaprotbas","km_no3","dom/parameters/km_no3","mmol m-3","0.01","1.2.2","denitrification"
"1197","dom","water","denitrification","inhibition","selmaprotbas","k_inh_o2","dom/parameters/k_inh_o2","mmol m-3","0.33","1.2.2","inhibition of denitrification by O2"
"1198","dom","water","decomposition","labile","selmaprotbas","k_om1","dom/parameters/k_om1","yr-1","1","1.2.2","labile OM degradation rate"
"1199","dom","water","decomposition","semi_labile","selmaprotbas","k_om2","dom/parameters/k_om2","yr-1","0.1","1.2.2","semi-labile OM degradation rate"
"1200","dom","water","decomposition","","selmaprotbas","theta","dom/parameters/theta","-","1.047","1.2.2","temperature adjustment coefficient"
"1201","dom","water","light","","selmaprotbas","oc_dom","dom/parameters/oc_dom","m2 mgDOM-1","0.01","1.2.2","optical cross section of DOM"
"1202","dom","water","light","","selmaprotbas","qy_dom","dom/parameters/qy_dom","mgDOM molPAR-1","0.1","1.2.2","quantum yield"
"1203","dom","water","light","","selmaprotbas","f_par","dom/parameters/f_par","-","0.45","1.2.2","PAR fraction"
"1204","dom","water","light","","selmaprotbas","e_par","dom/parameters/e_par","J mol-1","240800","1.2.2","energy of PAR photons"
"1205","dom","water","aggregation","flocculation","selmaprotbas","k_floc","dom/parameters/k_floc","d-1","0.0006","1.2.2","flocculation rate"
"1206","dom","water","conversion","stoichiometry","selmaprotbas","mole_per_weight","dom/parameters/mole_per_weight","molC gDOM-1","0.0416","1.2.2","mole_per_weight"
"1207","dom","water","biogeochemistry","mineralisation","selmaprotbas","n_use_factor","dom/parameters/n_use_factor","mmol N mgDOM-1","0.8","1.2.2","Factor of bacterial mineralisation as N flux"
"1208","dom","water","decomposition","leaching","selmaprotbas","k_leach","dom/parameters/k_leach","d-1","0.001","1.2.2","leaching constant at 20C"
"1209","dom","water","decomposition","leaching","selmaprotbas","q_leach","dom/parameters/q_leach","K-1","0.02","1.2.2","temperature dependence of leaching"
"1210","dom","water","light","optics","selmaprotbas","ext_coef_a","dom/parameters/ext_coef_a","m2 mgDOM-1","0.1","1.2.2","Linear coefficient DOM light influence"
"1211","dom","water","light","optics","selmaprotbas","ext_coef_b","dom/parameters/ext_coef_b","-","1.22","1.2.2","Exponential coefficient DOM light influence"
"1212","dom","water","diagnostics","diagnostics","selmaprotbas","diagnostics","dom/parameters/diagnostics","boolean","FALSE","1.2.2","toggle diagnostics output"
"1213","dom","water","initial_conditions","labile_dom","selmaprotbas","dom_a","dom/initialization/dom_a","mg m-3","5","1.2.2","initial labile DOM"
"1214","dom","water","initial_conditions","semi_labile_dom","selmaprotbas","dom_b","dom/initialization/dom_b","mg m-3","5","1.2.2","initial semi-labile DOM"
