"include","module","domain","process","subprocess","model_coupled","parameter","default","lower","upper","initial","log","unit","path","note"
FALSE,"carbon","sediment","sediment_characteristics","active_layer_depth","GOTM-WET","cDepthS",0.1,0.08,0.12,0.1,FALSE,"m","abiotic_sediment/parameters/cDepthS","sediment depth"
FALSE,"carbon","water","water_atmosphere_exchange","alkalinity","GLM-AED2","ionic",0.3,0.24,0.36,0.3,FALSE,"-","aed2_carbon/ionic","Ionic strength"
FALSE,"carbon","water","water_atmosphere_exchange","alkalinity","SIMSTRAT-AED2","ionic",0.3,0.24,0.36,0.3,FALSE,"-","aed2_carbon/ionic","Ionic strength"
FALSE,"carbon","sediment","burial","burial","GOTM-Selmaprotbas","fl_burialrate",0.001,8e-04,0.0012,0.001,FALSE,"d-1","selmaprotbas/parameters/fl_burialrate","sediment burial rate"
FALSE,"carbon","water","water_atmosphere_exchange","co2","GLM-AED2","atm_co2",4e-04,0.00032,0.00048,4e-04,FALSE,"-","aed2_carbon/atm_co2","Atmospheric CO2 concentration"
FALSE,"carbon","water","water_atmosphere_exchange","co2","SIMSTRAT-AED2","atm_co2",4e-04,0.00032,0.00048,4e-04,FALSE,"-","aed2_carbon/atm_co2","Atmospheric CO2 concentration"
FALSE,"carbon","water","water_atmosphere_exchange","dic","GOTM-WET","tDDepoIM",0,0,0,0,FALSE,"g/m2/d","abiotic_water/parameters/tDDepoIM","inorganic matter deposition"
FALSE,"phytoplankton","water","stoichiometry","carbon_ratio","GOTM-WET","cCPerDW",0.4,0.32,0.48,0.4,FALSE,"gC/gDW","{group_name}/parameters/cCPerDW","C content of organic matter DW"
FALSE,"macrophytes","sediment","stoichiometry","uptake_nutrients","GOTM-WET","cAffNUptVeg",0.2,0.16,0.24,0.2,FALSE,"l/mgDW/d","{group_name}/parameters/cAffNUptVeg","N uptake affinity"
FALSE,"phytoplankton","water","stoichiometry","chlorophyll_ratio","GOTM-WET","cChDMax",0.015,0.012,0.018,0.015,FALSE,"mgChl/mgDW","{group_name}/parameters/cChDMax","maximum chlorophyll/C ratio"
FALSE,"macrophytes","sediment","stoichiometry","uptake_nutrients","GOTM-WET","cAffPUptVeg",0.2,0.16,0.24,0.2,FALSE,"l/mgDW/d","{group_name}/parameters/cAffPUptVeg","P uptake affinity"
FALSE,"phytoplankton","water","stoichiometry","chlorophyll_ratio","GOTM-WET","cChDMin",0.005,0.004,0.006,0.005,FALSE,"mgChl/mgDW","{group_name}/parameters/cChDMin","minimum chlorophyll/C ratio"
FALSE,"carbon","sediment","water_sediment_exchange","diffusion","GOTM-WET","kDDifDOM1",0.002,0.0016,0.0024,0.002,FALSE,"m2/d","sediment_exchange/parameters/kDDifDOM1","DOM diffusion constant DW at 20*C"
FALSE,"phytoplankton","water","growth","nutrient_limitation","GOTM-Selmaprotbas","alpha",1.65625,1.325,1.9875,1.65625,FALSE,"mmol m-3","{group_name}/parameters/alpha","half-saturation for nutrient uptake"
FALSE,"macrophytes","sediment","areal_coverage","areal_coverage","GOTM-WET","cCovSpVeg",0.5,0.4,0.6,0.5,FALSE,"l/gDW/m2","{group_name}/parameters/cCovSpVeg","specific cover"
FALSE,"macrophytes","sediment","stoichiometry","carbon_ratio","GOTM-WET","cCPerDW",0.4,0.32,0.48,0.4,FALSE,"gC/gDW","{group_name}/parameters/cCPerDW","C content of organic matter DW"
FALSE,"phytoplankton","water","respiration","composition","GLM-AED2","f_pr",0.005,0.004,0.006,0.005,FALSE,"?","phyto_data/pd%f_pr","fraction"
FALSE,"phytoplankton","water","respiration","composition","SIMSTRAT-AED2","f_pr",0.005,0.004,0.006,0.005,FALSE,"?","phyto_data/pd%f_pr","fraction"
FALSE,"macrophytes","sediment","growth","phenology","GOTM-WET","cDaySumVegMin",1,0.8,1.2,1,FALSE,"day of the year","{group_name}/parameters/cDaySumVegMin","earliest start of growing season"
FALSE,"carbon","water","water_atmosphere_exchange","equation_options_alkalinity","GLM-AED2","alk_mode",2,1.6,2.4,2,FALSE,"(integer)","aed2_carbon/alk_mode","1: ; 2:"
FALSE,"carbon","water","water_atmosphere_exchange","equation_options_alkalinity","SIMSTRAT-AED2","alk_mode",2,1.6,2.4,2,FALSE,"(integer)","aed2_carbon/alk_mode","1: ; 2:"
FALSE,"carbon","water","water_atmosphere_exchange","equation_options_co2","GLM-AED2","co2_model",1,0.8,1.2,1,FALSE,"(integer)","aed2_carbon/co2_model","1: ; 2:"
FALSE,"carbon","water","water_atmosphere_exchange","equation_options_co2","SIMSTRAT-AED2","co2_model",1,0.8,1.2,1,FALSE,"(integer)","aed2_carbon/co2_model","1: ; 2:"
FALSE,"carbon","water","water_atmosphere_exchange","equation_options_co2","GLM-AED2","co2_piston_model",1,0.8,1.2,1,FALSE,"(integer)","aed2_carbon/co2_piston_model","1: ; 2:"
FALSE,"carbon","water","water_atmosphere_exchange","equation_options_co2","SIMSTRAT-AED2","co2_piston_model",1,0.8,1.2,1,FALSE,"(integer)","aed2_carbon/co2_piston_model","1: ; 2:"
FALSE,"macrophytes","sediment","growth","phenology","GOTM-WET","cDayWinVeg",259,207.2,310.8,259,FALSE,"day of the year","{group_name}/parameters/cDayWinVeg","end of growing season"
FALSE,"zoobenthos","sediment","migration","external_density","GOTM-WET","cDBentIn",0.01,0.008,0.012,0.01,FALSE,"gDW/m2","{group_name}/parameters/cDBentIn","external density"
FALSE,"zoobenthos","sediment","growth","carrying_capacity","GOTM-WET","cDCarrBent",10,8,12,10,FALSE,"gDW/m2","{group_name}/parameters/cDCarrBent","carrying capacity"
FALSE,"macrophytes","sediment","growth","growth","GOTM-WET","cDCarrVeg",300,240,360,300,FALSE,"gDW/m2","{group_name}/parameters/cDCarrVeg","carrying capacity"
FALSE,"carbon","water","water_atmosphere_exchange","equation_options_methane","GLM-AED2","ch4_piston_model",1,0.8,1.2,1,FALSE,"(integer)","aed2_carbon/ch4_piston_model","1: ; 2:"
FALSE,"carbon","water","water_atmosphere_exchange","equation_options_methane","SIMSTRAT-AED2","ch4_piston_model",1,0.8,1.2,1,FALSE,"(integer)","aed2_carbon/ch4_piston_model","1: ; 2:"
FALSE,"macrophytes","sediment","growth","phenology","GOTM-WET","cDLayerVeg",0,0,0,0,FALSE,"gD/m2","{group_name}/parameters/cDLayerVeg","biomass of a single layer of floating leaves"
FALSE,"phytoplankton","water","growth","equation_options_temperature_limitation","GLM-AED2","fT_method",1,0.8,1.2,1,FALSE,"(integer)","phyto_data/pd%fT_method","1: ; 2:"
FALSE,"phytoplankton","water","growth","equation_options_temperature_limitation","SIMSTRAT-AED2","fT_method",1,0.8,1.2,1,FALSE,"(integer)","phyto_data/pd%fT_method","1: ; 2:"
FALSE,"phytoplankton","water","growth","light_limitation","GLM-AED2","I_K",50,40,60,50,FALSE,"micro E m-2 s-1","phyto_data/pd%I_K","saturation_concentration"
FALSE,"phytoplankton","water","growth","light_limitation","SIMSTRAT-AED2","I_K",50,40,60,50,FALSE,"micro E m-2 s-1","phyto_data/pd%I_K","saturation_concentration"
FALSE,"macrophytes","sediment","migration","external_density","GOTM-WET","cDVegIn",1,0.8,1.2,1,FALSE,"gDW/m2","{group_name}/parameters/cDVegIn","external macrophyte density"
FALSE,"macrophytes","sediment","initial_conditions","minimum_density","GOTM-WET","cDVegMin",1e-05,8e-06,1.2e-05,1e-05,FALSE,"gDW/m2","{group_name}/parameters/cDVegMin","minimum dry weight"
FALSE,"phytoplankton","water","growth","light_limitation","GLM-AED2","I_S",250,200,300,250,FALSE,"micro E m-2 s-1","phyto_data/pd%I_S","saturation_intensity"
FALSE,"phytoplankton","water","growth","light_limitation","SIMSTRAT-AED2","I_S",250,200,300,250,FALSE,"micro E m-2 s-1","phyto_data/pd%I_S","saturation_intensity"
FALSE,"carbon","water","initial_conditions","initial_dim","GLM-AED2","dic_initial",200,160,240,200,FALSE,"-","aed2_carbon/dic_initial","initial dic"
FALSE,"carbon","water","initial_conditions","initial_dim","SIMSTRAT-AED2","dic_initial",200,160,240,200,FALSE,"-","aed2_carbon/dic_initial","initial dic"
FALSE,"carbon","water","initial_conditions","initial_dim","GOTM-WET","sDIMW",4,3.2,4.8,4,FALSE,"g/m3","abiotic_water/initialization/sDIMW","inorganic matter"
FALSE,"carbon","sediment","initial_conditions","initial_dom","GOTM-WET","sDS",10,8,12,10,FALSE,"g/m2","DOM/initialization/sDS","dissolved organic matter"
FALSE,"carbon","water","initial_conditions","initial_dom","GOTM-WET","sDW",2.5,2,3,2.5,FALSE,"g/m3","DOM/initialization/sDW","dissolved org. matter DW"
FALSE,"carbon","sediment","initial_conditions","initial_humus","GOTM-WET","sDS",3719,2975.2,4462.8,3719,FALSE,"g/m2","humus/initialization/sDS","humus DW"
FALSE,"carbon","sediment","initial_conditions","initial_im","GOTM-WET","sDIMS",27886.72588,22309.380704,33464.071056,27886.72588,FALSE,"g/m2","abiotic_sediment/initialization/sDIMS","inorganic matter"
FALSE,"carbon","water","initial_conditions","initial_methane","GLM-AED2","ch4_initial",1,0.8,1.2,1,FALSE,"-","aed2_carbon/ch4_initial","initial methane"
FALSE,"carbon","water","initial_conditions","initial_methane","SIMSTRAT-AED2","ch4_initial",1,0.8,1.2,1,FALSE,"-","aed2_carbon/ch4_initial","initial methane"
FALSE,"carbon","water","initial_conditions","initial_pH","GLM-AED2","pH_initial",8.4,6.72,10.08,8.4,FALSE,"-","aed2_carbon/pH_initial","initial pH"
FALSE,"carbon","water","initial_conditions","initial_pH","SIMSTRAT-AED2","pH_initial",8.4,6.72,10.08,8.4,FALSE,"-","aed2_carbon/pH_initial","initial pH"
FALSE,"carbon","sediment","initial_conditions","initial_pom","GOTM-Selmaprotbas","fl_c",400,320,480,400,FALSE,"mmol C m-2","selmaprotbas/initialization/fl_c","Initial carbon fluff"
FALSE,"carbon","water","initial_conditions","initial_pom","GOTM-Selmaprotbas","dd_c",0,0,0,0,FALSE,"mmol C m-3","selmaprotbas/initialization/dd_c","Initial carbon detritus"
FALSE,"macrophytes","sediment","light","light_attenuation","GOTM-WET","cExtSpVeg",0.0035,0.0028,0.0042,0.0035,FALSE,"m2/gDW","{group_name}/parameters/cExtSpVeg","specific extinction"
FALSE,"carbon","sediment","initial_conditions","initial_pom","GOTM-WET","sDS",3500,2800,4200,3500,FALSE,"g/m2","POM/initialization/sDS","particulate organic DW"
FALSE,"carbon","water","initial_conditions","initial_pom","GOTM-WET","sDW",0.1,0.08,0.12,0.1,FALSE,"g/m3","POM/initialization/sDW","particulate org. matter DW"
FALSE,"carbon","water","light_extinction","light_extinction","GOTM-WET","cExtSpIM",0.05,0.04,0.06,0.05,FALSE,"m2/gDW","abiotic_water/parameters/cExtSpIM","specific extinction inorganic matter"
FALSE,"carbon","water","light_extinction","light_extinction","GOTM-WET","cExtSp",0.15,0.12,0.18,0.15,FALSE,"m2/gDW","POM/parameters/cExtSp","specific extinction factor for POM"
FALSE,"carbon","water","light_extinction","light_extinction","GOTM-Selmaprotbas","kc",0.0036,0.00288,0.00432,0.0036,FALSE,"m2 mmolC-1","selmaprotbas/parameters/kc","specific light attenuation of detritus"
FALSE,"carbon","water","water_atmosphere_exchange","methane","GLM-AED2","atm_ch4",1.76e-06,1.408e-06,2.112e-06,1.76e-06,FALSE,"-","aed2_carbon/atm_ch4","Atmospheric methane concentration"
FALSE,"carbon","water","water_atmosphere_exchange","methane","SIMSTRAT-AED2","atm_ch4",1.76e-06,1.408e-06,2.112e-06,1.76e-06,FALSE,"-","aed2_carbon/atm_ch4","Atmospheric methane concentration"
FALSE,"macrophytes","sediment","stoichiometry","height","GOTM-WET","cHeightVeg",0.5,0.4,0.6,0.5,FALSE,"m","{group_name}/parameters/cHeightVeg","macrophyte height"
FALSE,"phosphorus","sediment","absorption","absorption","GOTM-WET","cKPAdsOxS",1.5,1.2,1.8,1.5,FALSE,"m3/gP","abiotic_sediment/parameters/cKPAdsOxS","P adsorption affinity at oxidized conditions"
FALSE,"carbon","sediment","decomposition","mineralisation","GOTM-Selmaprotbas","dn_sed",0.002,0.0016,0.0024,0.002,FALSE,"d-1","selmaprotbas/parameters/dn_sed","Sediment mineralisation rate at 20 degC"
FALSE,"carbon","sediment","decomposition","mineralisation","GOTM-Selmaprotbas","q10_recs",0.175,0.14,0.21,0.175,FALSE,"K-1","selmaprotbas/parameters/q10_recs","temperature dependence of sediment remineralization"
FALSE,"carbon","water","decomposition","mineralisation","GOTM-Selmaprotbas","dn",0.003,0.0024,0.0036,0.003,FALSE,"d-1","selmaprotbas/parameters/dn","Detritus mineralisation rate at 20 degC"
FALSE,"phosphorus","water","absorption","absorption","GOTM-WET","cKPAdsOxW",0.6,0.48,0.72,0.6,FALSE,"m3/gP","abiotic_water/parameters/cKPAdsOxW","P adsorption affinity at oxidized conditions"
FALSE,"carbon","water","decomposition","mineralisation","GOTM-Selmaprotbas","q10_rec",0.15,0.12,0.18,0.15,FALSE,"K-1","selmaprotbas/parameters/q10_rec","temperature dependence of detritus remineralization"
FALSE,"macrophytes","sediment","growth","phenology","GOTM-WET","cLengAllo",15,12,18,15,FALSE,"d","{group_name}/parameters/cLengAllo","duration of allocation and reallocation phase"
FALSE,"macrophytes","sediment","mortality","phenology","GOTM-WET","cLengMort",15,12,18,15,FALSE,"d","{group_name}/parameters/cLengMort","length of shoot mortality period"
FALSE,"carbon","sediment","decomposition","mineralisation_dom","GOTM-WET","cThetaMinS",1.06,0.848,1.272,1.06,FALSE,"1/e^*C","DOM/parameters/cThetaMinS","temperature coefficient of DOM mineralization"
FALSE,"carbon","water","decomposition","mineralisation_dom","GOTM-WET","cThetaMinW",1.07,0.856,1.284,1.07,FALSE,"1/e^*C","DOM/parameters/cThetaMinW","temperature coefficient of DOM mineralization"
FALSE,"carbon","sediment","decomposition","mineralisation_dom","GOTM-WET","kDMinS",0.001,8e-04,0.0012,0.001,FALSE,"1/d","DOM/parameters/kDMinS","mineralization constant of DOM-DW at 20*C"
FALSE,"carbon","water","decomposition","mineralisation_dom","GOTM-WET","kDMinW",0.03,0.024,0.036,0.03,FALSE,"1/d","DOM/parameters/kDMinW","mineralization constant of DOM-DW at 20*C"
FALSE,"carbon","sediment","decomposition","mineralisation_humus","GOTM-WET","kDMinS",5e-05,4e-05,6e-05,5e-05,FALSE,"1/d","humus/parameters/kDMinS","humic decomposition constant at 20*C"
FALSE,"carbon","sediment","decomposition","mineralisation_pom","GOTM-WET","cThetaMinS",1.02,0.816,1.224,1.02,FALSE,"1/e^*C","POM/parameters/cThetaMinS","temperature coefficient of POM mineralization"
FALSE,"carbon","water","decomposition","mineralisation_pom","GOTM-WET","cThetaMinW",1.02,0.816,1.224,1.02,FALSE,"1/e^*C","POM/parameters/cThetaMinW","temperature coefficient of mineralization from POM to DOM"
FALSE,"carbon","sediment","decomposition","mineralisation_pom","GOTM-WET","kDMinS",0.001,8e-04,0.0012,0.001,FALSE,"1/d","POM/parameters/kDMinS","decomposition constant of POM-DW at 20*C"
FALSE,"carbon","water","decomposition","mineralisation_pom","GOTM-WET","kDMinW",0.001,8e-04,0.0012,0.001,FALSE,"1/d","POM/parameters/kDMinW","decomposition constant of POM-DW at 20*C"
FALSE,"carbon","water","organic","organic","GLM-AED2","Rpon_hydrol ",0.05,0.04,0.06,0.05,FALSE,"?","aed2_organic_matter/Rpon_hydrol ","OM"
FALSE,"carbon","water","organic","organic","SIMSTRAT-AED2","Rpon_hydrol ",0.05,0.04,0.06,0.05,FALSE,"?","aed2_organic_matter/Rpon_hydrol ","OM"
FALSE,"carbon","water","organic","organic","GLM-AED2","Rpoc_hydrol ",0.07,0.056,0.084,0.07,FALSE,"?","aed2_organic_matter/Rpoc_hydrol","OM"
FALSE,"carbon","water","organic","organic","SIMSTRAT-AED2","Rpoc_hydrol ",0.07,0.056,0.084,0.07,FALSE,"?","aed2_organic_matter/Rpoc_hydrol","OM"
FALSE,"carbon","water","organic","organic","GLM-AED2","Rpop_hydrol ",0.08,0.064,0.096,0.08,FALSE,"?","aed2_organic_matter/Rpop_hydrol ","OM"
FALSE,"carbon","water","organic","organic","SIMSTRAT-AED2","Rpop_hydrol ",0.08,0.064,0.096,0.08,FALSE,"?","aed2_organic_matter/Rpop_hydrol ","OM"
FALSE,"carbon","water","organic","organic","GLM-AED2","don_initial ",0.1,0.08,0.12,0.1,FALSE,"?","aed2_organic_matter/don_initial","OM"
FALSE,"carbon","water","organic","organic","SIMSTRAT-AED2","don_initial ",0.1,0.08,0.12,0.1,FALSE,"?","aed2_organic_matter/don_initial","OM"
FALSE,"carbon","water","organic","organic","GLM-AED2","dopr_initial ",0.1,0.08,0.12,0.1,FALSE,"?","aed2_organic_matter/dopr_initial","OM"
FALSE,"carbon","water","organic","organic","SIMSTRAT-AED2","dopr_initial ",0.1,0.08,0.12,0.1,FALSE,"?","aed2_organic_matter/dopr_initial","OM"
FALSE,"carbon","water","organic","organic","GLM-AED2","pon_initial ",0.1,0.08,0.12,0.1,FALSE,"?","aed2_organic_matter/poc_initial","OM"
FALSE,"carbon","water","organic","organic","SIMSTRAT-AED2","pon_initial ",0.1,0.08,0.12,0.1,FALSE,"?","aed2_organic_matter/poc_initial","OM"
FALSE,"carbon","water","organic","organic","GLM-AED2","pop_initial ",0.1,0.08,0.12,0.1,FALSE,"?","aed2_organic_matter/pop_initial","OM"
FALSE,"carbon","water","organic","organic","SIMSTRAT-AED2","pop_initial ",0.1,0.08,0.12,0.1,FALSE,"?","aed2_organic_matter/pop_initial","OM"
FALSE,"carbon","water","organic","organic","GLM-AED2","Rdom_minerl ",0.5,0.4,0.6,0.5,FALSE,"?","aed2_organic_matter/Rdom_minerl","OM"
FALSE,"carbon","water","organic","organic","SIMSTRAT-AED2","Rdom_minerl ",0.5,0.4,0.6,0.5,FALSE,"?","aed2_organic_matter/Rdom_minerl","OM"
FALSE,"carbon","water","organic","organic","GLM-AED2","simDenitrification ",1,0.8,1.2,1,FALSE,"?","aed2_organic_matter/simDenitrification ","OM"
FALSE,"carbon","water","organic","organic","SIMSTRAT-AED2","simDenitrification ",1,0.8,1.2,1,FALSE,"?","aed2_organic_matter/simDenitrification ","OM"
FALSE,"carbon","water","organic","organic","GLM-AED2","theta_hydrol ",1.08,0.864,1.296,1.08,FALSE,"?","aed2_organic_matter/theta_hydrol ","OM"
FALSE,"carbon","water","organic","organic","SIMSTRAT-AED2","theta_hydrol ",1.08,0.864,1.296,1.08,FALSE,"?","aed2_organic_matter/theta_hydrol ","OM"
FALSE,"carbon","water","organic","organic","GLM-AED2","theta_minerl ",1.08,0.864,1.296,1.08,FALSE,"?","aed2_organic_matter/theta_minerl ","OM"
FALSE,"carbon","water","organic","organic","SIMSTRAT-AED2","theta_minerl ",1.08,0.864,1.296,1.08,FALSE,"?","aed2_organic_matter/theta_minerl ","OM"
FALSE,"carbon","water","organic","organic","GLM-AED2","dop_initial ",1.5,1.2,1.8,1.5,FALSE,"?","aed2_organic_matter/dop_initial","OM"
FALSE,"carbon","water","organic","organic","SIMSTRAT-AED2","dop_initial ",1.5,1.2,1.8,1.5,FALSE,"?","aed2_organic_matter/dop_initial","OM"
FALSE,"carbon","water","organic","organic","GLM-AED2","doc_initial",30,24,36,30,FALSE,"?","aed2_organic_matter/doc_initial","OM"
FALSE,"carbon","water","organic","organic","SIMSTRAT-AED2","doc_initial",30,24,36,30,FALSE,"?","aed2_organic_matter/doc_initial","OM"
FALSE,"carbon","water","organic","organic","GLM-AED2","Kpom_hydrol ",60,48,72,60,FALSE,"?","aed2_organic_matter/Kpom_hydrol","OM"
FALSE,"carbon","water","organic","organic","SIMSTRAT-AED2","Kpom_hydrol ",60,48,72,60,FALSE,"?","aed2_organic_matter/Kpom_hydrol","OM"
FALSE,"carbon","water","organic","organic","GLM-AED2","poc_initial",78.5,62.8,94.2,78.5,FALSE,"?","aed2_organic_matter/poc_initial","OM"
FALSE,"carbon","water","organic","organic","SIMSTRAT-AED2","poc_initial",78.5,62.8,94.2,78.5,FALSE,"?","aed2_organic_matter/poc_initial","OM"
FALSE,"carbon","water","organic","organic","GLM-AED2","Kdom_minerl ",100,80,120,100,FALSE,"?","aed2_organic_matter/Kdom_minerl","OM"
FALSE,"carbon","water","organic","organic","SIMSTRAT-AED2","Kdom_minerl ",100,80,120,100,FALSE,"?","aed2_organic_matter/Kdom_minerl","OM"
FALSE,"carbon","water","organic","organic","GLM-AED2","cpom_initial ",100,80,120,100,FALSE,"?","aed2_organic_matter/cpom_initial","OM"
FALSE,"carbon","water","organic","organic","SIMSTRAT-AED2","cpom_initial ",100,80,120,100,FALSE,"?","aed2_organic_matter/cpom_initial","OM"
FALSE,"carbon","water","organic","organic","GLM-AED2","docr_initial ",120,96,144,120,FALSE,"?","aed2_organic_matter/docr_initial","OM"
FALSE,"carbon","water","organic","organic","SIMSTRAT-AED2","docr_initial ",120,96,144,120,FALSE,"?","aed2_organic_matter/docr_initial","OM"
FALSE,"carbon","water","decomposition","oxidation_methane","GLM-AED2","Kch4ox",0.5,0.4,0.6,0.5,FALSE,"-","aed2_carbon/Kch4ox","Saturation concentration for the oxidation of methane"
FALSE,"carbon","water","decomposition","oxidation_methane","SIMSTRAT-AED2","Kch4ox",0.5,0.4,0.6,0.5,FALSE,"-","aed2_carbon/Kch4ox","Saturation concentration for the oxidation of methane"
FALSE,"carbon","water","decomposition","oxidation_methane","GLM-AED2","vTch4ox",1.07,0.856,1.284,1.07,FALSE,"-","aed2_carbon/vTch4ox","Arrhenius temperature multiplier for methane oxidation"
FALSE,"carbon","water","decomposition","oxidation_methane","SIMSTRAT-AED2","vTch4ox",1.07,0.856,1.284,1.07,FALSE,"-","aed2_carbon/vTch4ox","Arrhenius temperature multiplier for methane oxidation"
FALSE,"carbon","water","decomposition","oxidation_methane","GLM-AED2","Rch4ox",0.1,0.08,0.12,0.1,FALSE,"-","aed2_carbon/Rch4ox","Methane oxidation rate"
FALSE,"carbon","water","decomposition","oxidation_methane","SIMSTRAT-AED2","Rch4ox",0.1,0.08,0.12,0.1,FALSE,"-","aed2_carbon/Rch4ox","Methane oxidation rate"
FALSE,"phytoplankton","water","growth","light_limitation","GOTM-Selmaprotbas","alpha_light",0.1,0.08,0.12,0.1,FALSE,"d-1 (W m-2)-1","{group_name}/parameters/alpha_light","llim = 1; the slope of light-dependent growth"
FALSE,"carbon","sediment","water_sediment_exchange","resuspension","GOTM-WET","alpha",9000,7200,10800,9000,FALSE,"g/m/d","sediment_exchange/parameters/alpha","qResus = 2; gross rate of sediment erosion"
FALSE,"carbon","sediment","water_sediment_exchange","resuspension","GOTM-Selmaprotbas","br0",0.03,0.024,0.036,0.03,FALSE,"d-1","selmaprotbas/parameters/br0","bioresuspension rate"
FALSE,"carbon","sediment","water_sediment_exchange","resuspension","GOTM-Selmaprotbas","tau_crit",0.07,0.056,0.084,0.07,FALSE,"N m-2","selmaprotbas/parameters/tau_crit","critical shear stress"
FALSE,"carbon","sediment","water_sediment_exchange","resuspension","GOTM-Selmaprotbas","erorate",6,4.8,7.2,6,FALSE,"d-1 ","selmaprotbas/parameters/erorate","sediment erosion rate"
FALSE,"carbon","sediment","water_sediment_exchange","resuspension","GOTM-WET","cFetch",1000,800,1200,1000,FALSE,"m","sediment_exchange/parameters/cFetch","qResus = 1; length of water body in prevailing wind direction"
FALSE,"carbon","sediment","water_sediment_exchange","resuspension","GOTM-WET","cFetchRef",1000,800,1200,1000,FALSE,"m","sediment_exchange/parameters/cFetchRef","qResus = 1; reference fetch"
FALSE,"carbon","sediment","water_sediment_exchange","resuspension","GOTM-WET","crt_shear",0.02,0.016,0.024,0.02,FALSE,"N/m","sediment_exchange/parameters/crt_shear","qResus = 2; critical shear stress"
FALSE,"carbon","sediment","water_sediment_exchange","resuspension","GOTM-WET","cSuspMax",25.2,20.16,30.24,25.2,FALSE,"-","sediment_exchange/parameters/cSuspMax","qResus = 1; maximum value of logistic function"
FALSE,"carbon","sediment","water_sediment_exchange","resuspension","GOTM-WET","cSuspMin",6.1,4.88,7.32,6.1,FALSE,"-","sediment_exchange/parameters/cSuspMin","qResus = 1; minimum value of logistic function"
FALSE,"phytoplankton","water","growth","n_limitation","GOTM-Selmaprotbas","alpha_n",0.25,0.2,0.3,0.25,FALSE,"mmol N m-3","{group_name}/parameters/alpha_n","half-saturation for nitrogen uptake"
FALSE,"macrophytes","sediment","growth","growth_rate","GOTM-WET","cMuMaxVeg",0.08,0.064,0.096,0.08,FALSE,"1/d","{group_name}/parameters/cMuMaxVeg","maximum growth rate at 20*C"
FALSE,"zoobenthos","sediment","stoichiometry","nitrogen_ratio","GOTM-WET","cNDBentRef",0.07,0.056,0.084,0.07,FALSE,"mgN/mgDW","{group_name}/parameters/cNDBentRef","reference N/C ratio"
FALSE,"phytoplankton","water","growth","p_limitation","GOTM-Selmaprotbas","alpha_p",0.015625,0.0125,0.01875,0.015625,FALSE,"mmol P m-3","{group_name}/parameters/alpha_p","half-saturation for phosphorus uptake"
FALSE,"phytoplankton","water","growth","si_limitation","GOTM-Selmaprotbas","alpha_si",0.234375,0.1875,0.28125,0.234375,FALSE,"mmol Si m-3","{group_name}/parameters/alpha_si","half-saturation for silica uptake"
FALSE,"macrophytes","sediment","initial_conditions","nitrogen_ratio","GOTM-WET","cNDVeg0",0.02,0.016,0.024,0.02,FALSE,"gN/gDW","{group_name}/parameters/cNDVeg0","initial N fraction in veg"
FALSE,"macrophytes","sediment","stoichiometry","nitrogen_ratio","GOTM-WET","cNDVegMax",0.035,0.028,0.042,0.035,FALSE,"mgN/mgDW","{group_name}/parameters/cNDVegMax","maximum N/DW ratio"
FALSE,"macrophytes","sediment","stoichiometry","nitrogen_ratio","GOTM-WET","cNDVegMin",0.01,0.008,0.012,0.01,FALSE,"mgN/mgDW","{group_name}/parameters/cNDVegMin","minimum N/DW ratio"
FALSE,"phytoplankton","water","respiration","composition","GLM-AED2","k_fdom",0.25,0.2,0.3,0.25,FALSE,"?","phyto_data/pd%k_fdom","fraction_DOM"
FALSE,"phytoplankton","water","respiration","composition","SIMSTRAT-AED2","k_fdom",0.25,0.2,0.3,0.25,FALSE,"?","phyto_data/pd%k_fdom","fraction_DOM"
FALSE,"nitrogen","sediment","sediment_ground_exchange","groundwater_exchange","GOTM-WET","cNH4Ground",1,0.8,1.2,1,FALSE,"mgN/l","burial/parameters/cNH4Ground","NH4 concentration in groundwater"
FALSE,"nitrogen","sediment","sediment_ground_exchange","groundwater_exchange","GOTM-WET","cNO3Ground",0.1,0.08,0.12,0.1,FALSE,"mgN/l","burial/parameters/cNO3Ground","NO3 concentration in groundwater"
FALSE,"phosphorus","sediment","sediment_characteristics","pore_water","GOTM-WET","coPO4Max",1.4,1.12,1.68,1.4,FALSE,"mgP/l","abiotic_sediment/parameters/coPO4Max","max. soluble reactive P conc. in pore water"
FALSE,"zoobenthos","sediment","stoichiometry","nitrogen_ratio","GOTM-WET","cPDBentRef",0.01,0.008,0.012,0.01,FALSE,"mgP/mgDW","{group_name}/parameters/cPDBentRef","reference P/C ratio"
FALSE,"phytoplankton","water","growth","equation_options_light_limitation","GOTM-WET","qLightMethod",2,1.6,2.4,2,FALSE,"-","{group_name}/parameters/qLightMethod","lightmethod 1=no photoinhibition; 2=photoinhibition"
FALSE,"macrophytes","sediment","initial_conditions","phosphorus_ratio","GOTM-WET","cPDVeg0",0.002,0.0016,0.0024,0.002,FALSE,"gP/gDW","{group_name}/parameters/cPDVeg0","initial P fraction in veg"
FALSE,"macrophytes","sediment","stoichiometry","phosphorus_ratio","GOTM-WET","cPDVegMax",0.004,0.0032,0.0048,0.004,FALSE,"mgP/mgDW","{group_name}/parameters/cPDVegMax","maximum P/DW ratio"
FALSE,"macrophytes","sediment","stoichiometry","phosphorus_ratio","GOTM-WET","cPDVegMin",0.001,8e-04,0.0012,0.001,FALSE,"mgP/mg","{group_name}/parameters/cPDVegMin","minimum P/DW ratio"
FALSE,"phosphorus","sediment","sediment_ground_exchange","groundwater_exchange","GOTM-WET","cPO4Ground",0.1,0.08,0.12,0.1,FALSE,"mgP/l","burial/parameters/cPO4Ground","PO4 concentration in groundwater"
FALSE,"zoobenthos","sediment","grazing","preference","GOTM-WET","cPref1",1,0.8,1.2,1,FALSE,"-","{group_name}/parameters/cPref1","selection factor for prey 1"
FALSE,"macrophytes","sediment","growth","temperature_limitation","GOTM-WET","cQ10ProdVeg",1.2,0.96,1.44,1.2,FALSE,"-","{group_name}/parameters/cQ10ProdVeg","temperature q10 of growth"
FALSE,"macrophytes","sediment","respiration","temperature_limitation","GOTM-WET","cQ10RespVeg",2,1.6,2.4,2,FALSE,"-","{group_name}/parameters/cQ10RespVeg","temperature q10 of respiration"
FALSE,"phosphorus","sediment","absorption","absorption","GOTM-WET","cRelPAdsAlS",0.134,0.1072,0.1608,0.134,FALSE,"gP/gAl","abiotic_sediment/parameters/cRelPAdsAlS","max. P adsorption per g Al"
FALSE,"phosphorus","water","absorption","absorption","GOTM-WET","cRelPAdsAlW",0.134,0.1072,0.1608,0.134,FALSE,"gP/gAl","abiotic_water/parameters/cRelPAdsAlW","maximum P adsorption per g Al"
FALSE,"phosphorus","sediment","absorption","absorption","GOTM-WET","cRelPAdsDWS",3e-05,2.4e-05,3.6e-05,3e-05,FALSE,"gP/gDW","abiotic_sediment/parameters/cRelPAdsDWS","max. P adsorption per g DW"
FALSE,"phosphorus","water","absorption","absorption","GOTM-WET","cRelPAdsDWW",3e-05,2.4e-05,3.6e-05,3e-05,FALSE,"gP/gDW","abiotic_water/parameters/cRelPAdsDWW","maximum P adsorption per g DW"
FALSE,"phosphorus","sediment","absorption","absorption","GOTM-WET","cRelPAdsFeS",0.06,0.048,0.072,0.06,FALSE,"gP/gFe","abiotic_sediment/parameters/cRelPAdsFeS","max. P adsorption per g Fe"
FALSE,"phosphorus","water","absorption","absorption","GOTM-WET","cRelPAdsFeW",0.0675,0.054,0.081,0.0675,FALSE,"gP/gFe","abiotic_water/parameters/cRelPAdsFeW","maximum P adsorption per g Fe"
FALSE,"phytoplankton","water","stoichiometry","equation_options_n_fixation","GOTM-WET","cNFixMax",0.01,0.008,0.012,0.01,FALSE,"mgN/mgDW/d","{group_name}/parameters/cNFixMax","lNfix=.true.; maximum N fixation rate"
FALSE,"carbon","sediment","water_sediment_exchange","resuspension","GOTM-WET","cSuspRef",0,0,0,0,FALSE,"-","sediment_exchange/parameters/cSuspRef","qResus = 1; reference suspended matter function"
FALSE,"carbon","sediment","water_sediment_exchange","resuspension","GOTM-WET","cSuspSlope",2.1,1.68,2.52,2.1,FALSE,"-","sediment_exchange/parameters/cSuspSlope","qResus = 1; slope of logistic function"
FALSE,"carbon","sediment","water_sediment_exchange","resuspension","GOTM-WET","cThetaSed",1.01,0.808,1.212,1.01,FALSE,"1/e^*C","sediment_exchange/parameters/cThetaSed","temperature coefficient of sedimentation"
FALSE,"phytoplankton","water","growth","equation_options_n_fixation","GOTM-WET","fMuNFix",0.9,0.72,1.08,0.9,FALSE,"-","{group_name}/parameters/fMuNFix","lNfix=.true.; fraction of MuMax at max N fix."
FALSE,"zoobenthos","sediment","grazing","temperature_limitation","GOTM-WET","cSigTmBent",16,12.8,19.2,16,FALSE,"*C","{group_name}/parameters/cSigTmBent","temp. constant; sigma in Gaussian curve"
FALSE,"carbon","sediment","water_sediment_exchange","resuspension","GOTM-WET","cVSedIM",1,0.8,1.2,1,FALSE,"m/d","sediment_exchange/parameters/cVSedIM","IM sedimentation velocity constant at 20*C"
FALSE,"carbon","sediment","water_sediment_exchange","resuspension","GOTM-WET","cVSedPOM1",0.5,0.4,0.6,0.5,FALSE,"m/d","sediment_exchange/parameters/cVSedPOM1","POM sedimentation velocity constant at 20*C"
FALSE,"carbon","sediment","water_sediment_exchange","resuspension","GOTM-WET","cVSetMain",0.5,0.4,0.6,0.5,FALSE,"m/d","sediment_exchange/parameters/cVSetMain","qResus = 2; depth averaged settling velocity"
FALSE,"carbon","sediment","water_sediment_exchange","resuspension","GOTM-WET","eta",1,0.8,1.2,1,FALSE,"-","sediment_exchange/parameters/eta","qResus = 2; shear stress correction factor"
FALSE,"oxygen","water","oxygen_consumption","BOD","GOTM-WET","hO2BOD",1,0.8,1.2,1,FALSE,"mgO2/l","DOM/parameters/hO2BOD","half saturation oxygen conc. for BOD"
FALSE,"carbon","sediment","water_sediment_exchange","resuspension","GOTM-WET","fLutum",0.1,0.08,0.12,0.1,FALSE,"-","sediment_exchange/parameters/fLutum","lutum fraction of inorganic matter"
FALSE,"carbon","sediment","water_sediment_exchange","resuspension","GOTM-WET","fLutumRef",0.2,0.16,0.24,0.2,FALSE,"-","sediment_exchange/parameters/fLutumRef","reference lutum fraction of inorganic matter"
FALSE,"carbon","sediment","water_sediment_exchange","resuspension","GOTM-WET","hDepthSusp",2,1.6,2.4,2,FALSE,"-","sediment_exchange/parameters/hDepthSusp","qResus = 1; half-sat. value of depth in logistic function"
FALSE,"carbon","sediment","water_sediment_exchange","resuspension","GOTM-WET","qResus",2,1.6,2.4,2,FALSE,"(integer)","sediment_exchange/parameters/qResus","1=original PCLake; 2=based on shear stress"
FALSE,"nitrogen","sediment","nitrification","nitrification","GOTM-WET","cThetaNitrS",1.03,0.824,1.236,1.03,FALSE,"1/e^*C","abiotic_sediment/parameters/cThetaNitrS","temperature coefficient for nitrification"
FALSE,"nitrogen","water","nitrification","nitrification","GOTM-WET","cThetaNitrW",1.03,0.824,1.236,1.03,FALSE,"1/e^*C","abiotic_water/parameters/cThetaNitrW","temperature coefficient for nitrification"
FALSE,"carbon","sediment","water_sediment_exchange","resuspension","GOTM-WET","ref_shear",1,0.8,1.2,1,FALSE,"N/m","sediment_exchange/parameters/ref_shear","qResus = 2; reference shear stress"
FALSE,"macrophytes","sediment","growth","temperature_limitation","GOTM-WET","cTmInitVeg",9,7.2,10.8,9,FALSE,"*C","{group_name}/parameters/cTmInitVeg","temperature for onset of initial growth"
FALSE,"phytoplankton","water","respiration","composition","GLM-AED2","k_fres",0.75,0.6,0.9,0.75,FALSE,"?","phyto_data/pd%k_fres","fraction_trueRespiration"
FALSE,"phytoplankton","water","respiration","composition","SIMSTRAT-AED2","k_fres",0.75,0.6,0.9,0.75,FALSE,"?","phyto_data/pd%k_fres","fraction_trueRespiration"
FALSE,"zoobenthos","sediment","grazing","temperature_limitation","GOTM-WET","cTmOptBent",25,20,30,25,FALSE,"*C","{group_name}/parameters/cTmOptBent","optimal temperature"
FALSE,"phosphorus/nitrogen","sediment","water_sediment_exchange","diffusion","GOTM-WET","cTurbDifNut",12,9.6,14.4,12,FALSE,"-","sediment_exchange/parameters/cTurbDifNut","bioturbation correction of nutrient diffusion"
FALSE,"oxygen","water","oxygen_consumption","BOD","GOTM-WET","hO2BOD",1,0.8,1.2,1,FALSE,"mgO2/l","POM/parameters/hO2BOD","half saturation oxygen conc. for BOD"
FALSE,"phytoplankton","water","growth","n_limitation","GLM-AED2","K_N",1,0.8,1.2,1,FALSE,"mmol N m-3","phyto_data/pd%K_N","saturation_concentration"
FALSE,"phytoplankton","water","growth","n_limitation","SIMSTRAT-AED2","K_N",1,0.8,1.2,1,FALSE,"mmol N m-3","phyto_data/pd%K_N","saturation_concentration"
FALSE,"macrophytes","sediment","stoichiometry","uptake_nutrients","GOTM-WET","cVNUptMaxVeg",0.1,0.08,0.12,0.1,FALSE,"mgN/mgDW/d","{group_name}/parameters/cVNUptMaxVeg","N uptake capacity at 20*C"
FALSE,"phytoplankton","water","growth","n_fixation","GLM-AED2","k_nfix",1,0.8,1.2,1,FALSE,"d-1","phyto_data/pd%k_nfix","growth_rate_reduction"
FALSE,"phytoplankton","water","growth","n_fixation","SIMSTRAT-AED2","k_nfix",1,0.8,1.2,1,FALSE,"d-1","phyto_data/pd%k_nfix","growth_rate_reduction"
FALSE,"macrophytes","sediment","stoichiometry","uptake_nutrients","GOTM-WET","cVPUptMaxVeg",0.01,0.008,0.012,0.01,FALSE,"mgP/mgDW/d","{group_name}/parameters/cVPUptMaxVeg","P uptake capacity at 20*C"
FALSE,"phytoplankton","water","growth","p_limitation","GLM-AED2","K_P",0.05,0.04,0.06,0.05,FALSE,"mmol P m-3","phyto_data/pd%K_P","half-saturation concentration of phosphorus"
FALSE,"phytoplankton","water","growth","p_limitation","SIMSTRAT-AED2","K_P",0.05,0.04,0.06,0.05,FALSE,"mmol P m-3","phyto_data/pd%K_P","half-saturation concentration of phosphorus"
FALSE,"carbon","sediment","sediment_characteristics","sediment_composition","GOTM-WET","bPorCorS",0.737275,0.58982,0.88473,0.737275,FALSE,"sediment porosit","abiotic_sediment/parameters/bPorCorS","sediment porosity"
FALSE,"carbon","sediment","sediment_characteristics","sediment_composition","GOTM-WET","bPorS",0.58,0.464,0.696,0.58,FALSE,"m3/m3","abiotic_sediment/parameters/bPorS","sediment porosity"
FALSE,"phytoplankton","water","growth","temperature_limitation","GOTM-Selmaprotbas","beta",3.7,2.96,4.44,3.7,FALSE,"-","{group_name}/parameters/beta","temperature growth correction factor"
FALSE,"carbon","sediment","sediment_characteristics","sediment_composition","GOTM-WET","cRhoIM",2500000,2e+06,3e+06,2500000,FALSE,"g/m3","burial/parameters/cRhoIM","density of sediment inorganic matter"
FALSE,"carbon","sediment","sediment_characteristics","sediment_composition","GOTM-WET","cRhoOM",1400000,1120000,1680000,1400000,FALSE,"g/m3","burial/parameters/cRhoOM","density of sediment organic matter"
FALSE,"carbon","sediment","sediment_characteristics","sediment_composition","GOTM-WET","fDOrgSoil",0.1,0.08,0.12,0.1,FALSE,"-","burial/parameters/fDOrgSoil","deep sediment organic matter fraction"
FALSE,"phytoplankton","water","growth","si_limitation","GLM-AED2","K_Si",0,0,0,0,FALSE,"mmol Si m-3","phyto_data/pd%K_Si","saturation_concentration"
FALSE,"phytoplankton","water","growth","si_limitation","SIMSTRAT-AED2","K_Si",0,0,0,0,FALSE,"mmol Si m-3","phyto_data/pd%K_Si","saturation_concentration"
FALSE,"phosphorus","sediment","absorption","inorganic_matter_composition","GOTM-WET","fAlDIMS",0.01,0.008,0.012,0.01,FALSE,"gAl/gD","abiotic_sediment/parameters/fAlDIMS","Al content of inorganic matter"
FALSE,"phosphorus","water","absorption","inorganic_matter_composition","GOTM-WET","fAlDIMW",0.01,0.008,0.012,0.01,FALSE,"gAl/gDW","abiotic_water/parameters/fAlDIMW","Al content of inorganic matter"
FALSE,"zoobenthos","sediment","mortality","dom_ratio","GOTM-WET","fBenDOMS",0.5,0.4,0.6,0.5,FALSE,"-","{group_name}/parameters/fBenDOMS","DOM fraction of dead individuals"
FALSE,"zoobenthos","sediment","grazing","assimilation_efficiency","GOTM-WET","fDAssBent",0.3,0.24,0.36,0.3,FALSE,"-","{group_name}/parameters/fDAssBent","C assimilation efficiency"
FALSE,"phosphorus/nitrogen","sediment","water_sediment_exchange","diffusion","GOTM-WET","fDepthDifS",0.5,0.4,0.6,0.5,FALSE,"-","abiotic_sediment/parameters/fDepthDifS","nutrient diffusion distance as fraction of sediment depth"
FALSE,"zoobenthos","sediment","grazing","egestation","GOTM-WET","fDissEgesBent",0.25,0.2,0.3,0.25,FALSE,"-","{group_name}/parameters/fDissEgesBent","soluble inorg. nut. fract. of egested food"
FALSE,"phytoplankton","water","light","light_attenuation","GLM-AED2","KePHY",0.0022,0.00176,0.00264,0.0022,FALSE,"mmol C m-3 m-1","phyto_data/pd%KePHY","attenuation_coefficient"
FALSE,"phytoplankton","water","light","light_attenuation","SIMSTRAT-AED2","KePHY",0.0022,0.00176,0.00264,0.0022,FALSE,"mmol C m-3 m-1","phyto_data/pd%KePHY","attenuation_coefficient"
FALSE,"zoobenthos","sediment","mortality","nutrient_ratio","GOTM-WET","fDissMortBent",0.1,0.08,0.12,0.1,FALSE,"-","{group_name}/parameters/fDissMortBent","soluble inorg. nut. fract. of dead ind."
FALSE,"macrophytes","sediment","stoichiometry","nutrient_ratio","GOTM-WET","fDissMortVeg",0.25,0.2,0.3,0.25,FALSE,"-","{group_name}/parameters/fDissMortVeg","dissolved inorganic nutrient fraction of dead plants"
FALSE,"phytoplankton","water","growth","equation_options_light_limitation","GLM-AED2","lightModel",0,0,0,0,FALSE,"(integer)","phyto_data/pd%lightModel","1: ; 2:"
FALSE,"phytoplankton","water","growth","equation_options_light_limitation","SIMSTRAT-AED2","lightModel",0,0,0,0,FALSE,"(integer)","phyto_data/pd%lightModel","1: ; 2:"
FALSE,"nitrogen","sediment","denitrification","refractory_fractions","GOTM-Selmaprotbas","fds",0.7,0.56,0.84,0.7,FALSE,"-","selmaprotbas/parameters/fds","fraction of sediment remineralization fueled by denitrification"
FALSE,"phytoplankton","water","growth","n_limitation","GLM-AED2","N_o",0,0,0,0,FALSE,"mmol N m-2","phyto_data/pd%N_o","minimum nitrogen concentration for uptake"
FALSE,"phytoplankton","water","growth","n_limitation","SIMSTRAT-AED2","N_o",0,0,0,0,FALSE,"mmol N m-2","phyto_data/pd%N_o","minimum nitrogen concentration for uptake"
FALSE,"carbon","sediment","sediment_characteristics","sediment_composition","GOTM-WET","nPOM",2,1.6,2.4,2,FALSE,"","burial/parameters/Npom",""
FALSE,"macrophytes","sediment","growth","phenology","GOTM-WET","fEmergVeg",0,0,0,0,FALSE,"gfloating/gshoot","{group_name}/parameters/fEmergVeg","emergent fraction of shoot"
FALSE,"phosphorus","sediment","absorption","inorganic_matter_composition","GOTM-WET","fFeDIM",0.04,0.032,0.048,0.04,FALSE,"gFe/gD","abiotic_sediment/parameters/fFeDIM","Fe content of inorganic matter"
FALSE,"phosphorus","water","absorption","inorganic_matter_composition","GOTM-WET","fFeDIMW",0.01,0.008,0.012,0.01,FALSE,"gFe/gDW","abiotic_water/parameters/fFeDIMW","Fe content of inorganic matter"
FALSE,"nitrogen","sediment","initial_conditions","initial_nitrogen","GOTM-Selmaprotbas","fl_n",30,24,36,30,FALSE,"mmol N m-2","selmaprotbas/initialization/fl_n","initial nitrogen fluff (= active sediment)"
FALSE,"macrophytes","sediment","growth","phenology","GOTM-WET","fFloatVeg",0,0,0,0,FALSE,"gfloating/gshoot","{group_name}/parameters/fFloatVeg","floating fraction of shoot"
FALSE,"carbon","sediment","sediment_characteristics","sediment_composition","GOTM-WET","nPOMexch",1,0.8,1.2,1,FALSE,"","burial/parameters/nPOMexch",""
FALSE,"carbon","sediment","sediment_characteristics","sediment_composition","GOTM-WET","nDOM",1,0.8,1.2,1,FALSE,"","burial/parameters/Ndom",""
FALSE,"phytoplankton","water","growth","p_limitation","GLM-AED2","P_0",0,0,0,0,FALSE,"mmol P m-3","phyto_data/pd%P_0","minimum phosphorus concentration for uptake"
FALSE,"phytoplankton","water","growth","p_limitation","SIMSTRAT-AED2","P_0",0,0,0,0,FALSE,"mmol P m-3","phyto_data/pd%P_0","minimum phosphorus concentration for uptake"
FALSE,"phytoplankton","water","vertical_movement","vertical_velocity","GOTM-Selmaprotbas","buoy_nutrient_limit",0,0,0,0,FALSE,"-","{group_name}/parameters/buoy_nutrient_limit","if nutrient limitation falls below this value (0-1);  vertical velocity is set to vert_vel_nutrient;  if buoyancy_regulation = true"
FALSE,"nitrogen","sediment","water_sediment_exchange","sediment_flux_ammonium","GLM-AED2","theta_sed_amm",1.07,0.856,1.284,1.07,FALSE,"?","aed2_nitrogen/theta_sed_amm","Arrhenius temperature multiplier for ammonium sediment flux"
FALSE,"nitrogen","sediment","water_sediment_exchange","sediment_flux_ammonium","SIMSTRAT-AED2","theta_sed_amm",1.07,0.856,1.284,1.07,FALSE,"?","aed2_nitrogen/theta_sed_amm","Arrhenius temperature multiplier for ammonium sediment flux"
FALSE,"nitrogen","sediment","water_sediment_exchange","sediment_flux_ammonium","GLM-AED2","Fsed_amm",22,17.6,26.4,22,FALSE,"?","aed2_nitrogen/Fsed_amm","Sediment-water flux for ammonium"
FALSE,"nitrogen","sediment","water_sediment_exchange","sediment_flux_ammonium","SIMSTRAT-AED2","Fsed_amm",22,17.6,26.4,22,FALSE,"?","aed2_nitrogen/Fsed_amm","Sediment-water flux for ammonium"
FALSE,"nitrogen","sediment","water_sediment_exchange","sediment_flux_ammonium","GLM-AED2","Ksed_amm",15,12,18,15,FALSE,"mmol m-3","aed2_nitrogen/Ksed_amm","saturation concentration in ammonium sediment flux equation"
FALSE,"nitrogen","sediment","water_sediment_exchange","sediment_flux_ammonium","SIMSTRAT-AED2","Ksed_amm",15,12,18,15,FALSE,"mmol m-3","aed2_nitrogen/Ksed_amm","saturation concentration in ammonium sediment flux equation"
FALSE,"nitrogen","sediment","water_sediment_exchange","sediment_flux_n2o","GLM-AED2","Fsed_n2o",0,0,0,0,FALSE,"?","aed2_nitrogen/Fsed_n2o","Sediment-water flux for n2o"
FALSE,"nitrogen","sediment","water_sediment_exchange","sediment_flux_n2o","SIMSTRAT-AED2","Fsed_n2o",0,0,0,0,FALSE,"?","aed2_nitrogen/Fsed_n2o","Sediment-water flux for n2o"
FALSE,"nitrogen","sediment","water_sediment_exchange","sediment_flux_n2o","GLM-AED2","Ksed_n2o",100,80,120,100,FALSE,"?","aed2_nitrogen/Ksed_n2o","saturation concentration in n2o sediment equation"
FALSE,"nitrogen","sediment","water_sediment_exchange","sediment_flux_n2o","SIMSTRAT-AED2","Ksed_n2o",100,80,120,100,FALSE,"?","aed2_nitrogen/Ksed_n2o","saturation concentration in n2o sediment equation"
FALSE,"nitrogen","sediment","water_sediment_exchange","sediment_flux_nitrate","GLM-AED2","theta_sed_nit",1.07,0.856,1.284,1.07,FALSE,"?","aed2_nitrogen/theta_sed_nit","Arrhenius temperature multiplier for nitrate sediment flux"
FALSE,"nitrogen","sediment","water_sediment_exchange","sediment_flux_nitrate","SIMSTRAT-AED2","theta_sed_nit",1.07,0.856,1.284,1.07,FALSE,"?","aed2_nitrogen/theta_sed_nit","Arrhenius temperature multiplier for nitrate sediment flux"
FALSE,"nitrogen","sediment","water_sediment_exchange","sediment_flux_nitrate","GLM-AED2","Fsed_nit",-7,-5.6,-8.4,-7,FALSE,"?","aed2_nitrogen/Fsed_nit","Sediment-water flux for nitrate"
FALSE,"nitrogen","sediment","water_sediment_exchange","sediment_flux_nitrate","SIMSTRAT-AED2","Fsed_nit",-7,-5.6,-8.4,-7,FALSE,"?","aed2_nitrogen/Fsed_nit","Sediment-water flux for nitrate"
FALSE,"nitrogen","sediment","water_sediment_exchange","sediment_flux_nitrate","GLM-AED2","Ksed_nit",15,12,18,15,FALSE,"mmol m-3","aed2_nitrogen/Ksed_nit","saturation concentration in nitrate sediment flux equation"
FALSE,"nitrogen","sediment","water_sediment_exchange","sediment_flux_nitrate","SIMSTRAT-AED2","Ksed_nit",15,12,18,15,FALSE,"mmol m-3","aed2_nitrogen/Ksed_nit","saturation concentration in nitrate sediment flux equation"
FALSE,"nitrogen","water","ammonium_oxidation","ammonium_oxidation","GLM-AED2","Kpart_ammox",1,0.8,1.2,1,FALSE,"?","aed2_nitrogen/Kpart_ammox","saturation concentration in ammonium oxidation equation"
FALSE,"nitrogen","water","ammonium_oxidation","ammonium_oxidation","SIMSTRAT-AED2","Kpart_ammox",1,0.8,1.2,1,FALSE,"?","aed2_nitrogen/Kpart_ammox","saturation concentration in ammonium oxidation equation"
FALSE,"nitrogen","water","anammox","anammox","GLM-AED2","Ranammox",0.001,8e-04,0.0012,0.001,FALSE,"?","aed2_nitrogen/Ranammox","anaerobic ammonium oxidation rate"
FALSE,"nitrogen","water","anammox","anammox","SIMSTRAT-AED2","Ranammox",0.001,8e-04,0.0012,0.001,FALSE,"?","aed2_nitrogen/Ranammox","anaerobic ammonium oxidation rate"
FALSE,"nitrogen","water","anammox","anammox","GLM-AED2","Kin_deamm",1,0.8,1.2,1,FALSE,"?","aed2_nitrogen/Kin_deamm","saturation concentration in deammonification equation"
FALSE,"nitrogen","water","anammox","anammox","SIMSTRAT-AED2","Kin_deamm",1,0.8,1.2,1,FALSE,"?","aed2_nitrogen/Kin_deamm","saturation concentration in deammonification equation"
FALSE,"nitrogen","water","anammox","anammox","GLM-AED2","Kanmx_amm",2,1.6,2.4,2,FALSE,"?","aed2_nitrogen/Kanmx_amm","saturation concentration in anammox equation for ammonium"
FALSE,"nitrogen","water","anammox","anammox","SIMSTRAT-AED2","Kanmx_amm",2,1.6,2.4,2,FALSE,"?","aed2_nitrogen/Kanmx_amm","saturation concentration in anammox equation for ammonium"
FALSE,"nitrogen","water","anammox","anammox","GLM-AED2","Kanmx_nit",2,1.6,2.4,2,FALSE,"?","aed2_nitrogen/Kanmx_nit","saturation concentration in anammox equation for nitrate"
FALSE,"nitrogen","water","anammox","anammox","SIMSTRAT-AED2","Kanmx_nit",2,1.6,2.4,2,FALSE,"?","aed2_nitrogen/Kanmx_nit","saturation concentration in anammox equation for nitrate"
FALSE,"phytoplankton","water","vertical_movement","equation_options_vertical_movement","GOTM-WET","fLVMmin",0.025,0.02,0.03,0.025,FALSE,"W/m2","{group_name}/parameters/fLVMmin","qTrans > 2; minimum detectable PAR level"
FALSE,"nitrogen","water","denitrification","denitrification","GOTM-Selmaprotbas","ade_r0",0.1,0.08,0.12,0.1,FALSE,"d-1","selmaprotbas/parameters/ade_r0","maximum chemoautolithotrophic denitrification rate"
FALSE,"nitrogen","water","denitrification","denitrification","GLM-AED2","Rdenit",0.2,0.16,0.24,0.2,FALSE,"d-1","aed2_nitrogen/Rdenit","maximum reaction rate of denitrification @ 20C"
FALSE,"nitrogen","water","denitrification","denitrification","SIMSTRAT-AED2","Rdenit",0.2,0.16,0.24,0.2,FALSE,"d-1","aed2_nitrogen/Rdenit","maximum reaction rate of denitrification @ 20C"
FALSE,"nitrogen","water","denitrification","denitrification","GOTM-Selmaprotbas","alphaade",1,0.8,1.2,1,FALSE,"mmol N m-3","selmaprotbas/parameters/alphaade","half-saturation constant for chemoautolithotrophic denitrification"
FALSE,"nitrogen","water","denitrification","denitrification","GLM-AED2","theta_denit",1.07,0.856,1.284,1.07,FALSE,"-","aed2_nitrogen/theta_denit","Arrhenius temperature multiplier for denitrification"
FALSE,"nitrogen","water","denitrification","denitrification","SIMSTRAT-AED2","theta_denit",1.07,0.856,1.284,1.07,FALSE,"-","aed2_nitrogen/theta_denit","Arrhenius temperature multiplier for denitrification"
FALSE,"nitrogen","water","denitrification","denitrification","GLM-AED2","Kdenit",18,14.4,21.6,18,FALSE,"mmol m-3","aed2_nitrogen/Kdenit","saturation concentration in denitrification equation"
FALSE,"nitrogen","water","denitrification","denitrification","SIMSTRAT-AED2","Kdenit",18,14.4,21.6,18,FALSE,"mmol m-3","aed2_nitrogen/Kdenit","saturation concentration in denitrification equation"
FALSE,"phosphorus","sediment","absorption","absorption","GOTM-WET","fRedMaxS",0.96,0.768,1.152,0.96,FALSE,"-","abiotic_sediment/parameters/fRedMaxS","max. reduction factor of P adsorption affinity"
FALSE,"phosphorus","water","absorption","absorption","GOTM-WET","fRedMaxW",0.9,0.72,1.08,0.9,FALSE,"-","abiotic_water/parameters/fRedMaxW","maximum reduction factor of P adsorption affinity"
FALSE,"nitrogen","water","denitrification","nitrate_reduc_to_ammonium","GLM-AED2","Rdnra",0.01,0.008,0.012,0.01,FALSE,"?","aed2_nitrogen/Rdnra","rate of dissimilatory nitrate reduction to ammonium"
FALSE,"nitrogen","water","denitrification","nitrate_reduc_to_ammonium","SIMSTRAT-AED2","Rdnra",0.01,0.008,0.012,0.01,FALSE,"?","aed2_nitrogen/Rdnra","rate of dissimilatory nitrate reduction to ammonium"
FALSE,"nitrogen","water","denitrification","nitrate_reduc_to_ammonium","GLM-AED2","Kdnra_oxy",2,1.6,2.4,2,FALSE,"?","aed2_nitrogen/Kdnra_oxy","saturation concentration in DNRA equation"
FALSE,"nitrogen","water","denitrification","nitrate_reduc_to_ammonium","SIMSTRAT-AED2","Kdnra_oxy",2,1.6,2.4,2,FALSE,"?","aed2_nitrogen/Kdnra_oxy","saturation concentration in DNRA equation"
FALSE,"nitrogen","water","initial_conditions","initial_ammonium","GLM-AED2","amm_initial",2.6,2.08,3.12,2.6,FALSE,"mmol N m-3","aed2_nitrogen/amm_initial","initial NH4 concentration"
FALSE,"nitrogen","water","initial_conditions","initial_ammonium","SIMSTRAT-AED2","amm_initial",2.6,2.08,3.12,2.6,FALSE,"mmol N m-3","aed2_nitrogen/amm_initial","initial NH4 concentration"
FALSE,"nitrogen","water","initial_conditions","initial_ammonium","GOTM-Selmaprotbas","aa",0.85,0.68,1.02,0.85,FALSE,"mmol N m-3","selmaprotbas/initialization/aa","initial dissolved ammonium in the water column"
FALSE,"nitrogen","water","initial_conditions","initial_n2o","GLM-AED2","n2o_initial",0.1,0.08,0.12,0.1,FALSE,"?","aed2_nitrogen/n2o_initial","initial n2o in the water column"
FALSE,"nitrogen","water","initial_conditions","initial_n2o","SIMSTRAT-AED2","n2o_initial",0.1,0.08,0.12,0.1,FALSE,"?","aed2_nitrogen/n2o_initial","initial n2o in the water column"
FALSE,"nitrogen","water","initial_conditions","initial_nitrate","GLM-AED2","nit_initial",0.1,0.08,0.12,0.1,FALSE,"mmol N m-3","aed2_nitrogen/nit_initial","initial NO3 concentration"
FALSE,"nitrogen","water","initial_conditions","initial_nitrate","SIMSTRAT-AED2","nit_initial",0.1,0.08,0.12,0.1,FALSE,"mmol N m-3","aed2_nitrogen/nit_initial","initial NO3 concentration"
FALSE,"nitrogen","water","initial_conditions","initial_nitrate","GOTM-Selmaprotbas","nn",3.5,2.8,4.2,3.5,FALSE,"mmol N m-3","selmaprotbas/initialization/nn","initial dissolved nitrate in the water column"
FALSE,"macrophytes","sediment","growth","phenology","GOTM-WET","fRootVegSum",0.1,0.08,0.12,0.1,FALSE,"groot/gveg","{group_name}/parameters/fRootVegSum","root fraction during growing season"
FALSE,"nitrogen","water","initial_conditions","initial_pom","GOTM-Selmaprotbas","dd_n",0,0,0,0,FALSE,"mmol N m-3","selmaprotbas/initialization/dd_n","initial detritus-N in the water column"
FALSE,"macrophytes","sediment","growth","phenology","GOTM-WET","fRootVegWin",0.6,0.48,0.72,0.6,FALSE,"groot/gveg","{group_name}/parameters/fRootVegWin","root fraction outside of growing season"
FALSE,"nitrogen","water","nitrification","equation_options","GLM-AED2","simN2O",0,0,0,0,FALSE,"(integer)","aed2_nitrogen/simN2O","1: ; 2:"
FALSE,"nitrogen","water","nitrification","equation_options","SIMSTRAT-AED2","simN2O",0,0,0,0,FALSE,"(integer)","aed2_nitrogen/simN2O","1: ; 2:"
FALSE,"nitrogen","water","nitrification","nitrification","GLM-AED2","Rn2o",0.05,0.04,0.06,0.05,FALSE,"?","aed2_nitrogen/Rn2o","reaction rate"
FALSE,"nitrogen","water","nitrification","nitrification","SIMSTRAT-AED2","Rn2o",0.05,0.04,0.06,0.05,FALSE,"?","aed2_nitrogen/Rn2o","reaction rate"
FALSE,"nitrogen","water","nitrification","nitrification","GLM-AED2","Rnitrif",0.05,0.04,0.06,0.05,FALSE,"d-1","aed2_nitrogen/Rnitrif","maximum reaction rate of nitrification @ 20C"
FALSE,"nitrogen","water","nitrification","nitrification","SIMSTRAT-AED2","Rnitrif",0.05,0.04,0.06,0.05,FALSE,"d-1","aed2_nitrogen/Rnitrif","maximum reaction rate of nitrification @ 20C"
FALSE,"nitrogen","water","nitrification","nitrification","GLM-AED2","Rnh4o2",1,0.8,1.2,1,FALSE,"?","aed2_nitrogen/Rnh4o2","reaction rate"
FALSE,"nitrogen","water","nitrification","nitrification","SIMSTRAT-AED2","Rnh4o2",1,0.8,1.2,1,FALSE,"?","aed2_nitrogen/Rnh4o2","reaction rate"
FALSE,"nitrogen","water","nitrification","nitrification","GLM-AED2","Rno2o2",1,0.8,1.2,1,FALSE,"?","aed2_nitrogen/Rno2o2","reaction rate"
FALSE,"nitrogen","water","nitrification","nitrification","SIMSTRAT-AED2","Rno2o2",1,0.8,1.2,1,FALSE,"?","aed2_nitrogen/Rno2o2","reaction rate"
FALSE,"nitrogen","water","nitrification","nitrification","GLM-AED2","theta_nitrif",1.07,0.856,1.284,1.07,FALSE,"-","aed2_nitrogen/theta_nitrif","Arrhenius temperature multiplier for nitrification"
FALSE,"nitrogen","water","nitrification","nitrification","SIMSTRAT-AED2","theta_nitrif",1.07,0.856,1.284,1.07,FALSE,"-","aed2_nitrogen/theta_nitrif","Arrhenius temperature multiplier for nitrification"
FALSE,"nitrogen","water","nitrification","nitrification","GLM-AED2","Knitrif",15,12,18,15,FALSE,"mmol m-3","aed2_nitrogen/Knitrif","saturation concentration for nitrification"
FALSE,"nitrogen","water","nitrification","nitrification","SIMSTRAT-AED2","Knitrif",15,12,18,15,FALSE,"mmol m-3","aed2_nitrogen/Knitrif","saturation concentration for nitrification"
FALSE,"macrophytes","sediment","growth","equation_options_growth","GOTM-WET","fSedUptVegCoef",2.66,2.128,3.192,2.66,FALSE,"-","{group_name}/parameters/fSedUptVegCoef","lEmpUpt = .true.; sediment nutrient fraction sigma"
FALSE,"macrophytes","sediment","growth","equation_options_growth","GOTM-WET","fSedUptVegExp",-0.83,-0.664,-0.996,-0.83,FALSE,"-","{group_name}/parameters/fSedUptVegExp","lEmpUpt = .true.; sediment nutrient fraction exp."
FALSE,"macrophytes","sediment","growth","equation_options_growth","GOTM-WET","fSedUptVegMax",0.5,0.4,0.6,0.5,FALSE,"-","{group_name}/parameters/fSedUptVegMax","lEmpUpt = .true.; max. sediment nutrient fraction"
FALSE,"macrophytes","sediment","mortality","mineralization","GOTM-WET","fTOMWMortVeg",0.1,0.08,0.12,0.1,FALSE,"-","{group_name}/parameters/fTOMWMortVeg","organic matter fraction of dead shoots"
FALSE,"macrophytes","sediment","mortality","mineralization","GOTM-WET","fVegDOMS",0,0,0,0,FALSE,"-","{group_name}/parameters/fVegDOMS","dissolved organic matter fraction of dead roots"
FALSE,"nitrogen","water","water_atmosphere_exchange","n2o","GLM-AED2","atm_n2o",3.2e-07,2.56e-07,3.84e-07,3.2e-07,FALSE,"?","aed2_nitrogen/atm_n2o","atmospheric concentration of n2o"
FALSE,"nitrogen","water","water_atmosphere_exchange","n2o","SIMSTRAT-AED2","atm_n2o",3.2e-07,2.56e-07,3.84e-07,3.2e-07,FALSE,"?","aed2_nitrogen/atm_n2o","atmospheric concentration of n2o"
FALSE,"nitrogen","water","water_atmosphere_exchange","n2o","GLM-AED2","n2o_piston_model",4,3.2,4.8,4,FALSE,"(integer)","aed2_nitrogen/n2o_piston_model","1: ; 2:"
FALSE,"nitrogen","water","water_atmosphere_exchange","n2o","SIMSTRAT-AED2","n2o_piston_model",4,3.2,4.8,4,FALSE,"(integer)","aed2_nitrogen/n2o_piston_model","1: ; 2:"
FALSE,"macrophytes","sediment","mortality","mineralization","GOTM-WET","fVegDOMW",0,0,0,0,FALSE,"-","{group_name}/parameters/fVegDOMW","dissolved organic matter fraction of dead shoots"
FALSE,"macrophytes","sediment","growth","phenology","GOTM-WET","fWinVeg",0.3,0.24,0.36,0.3,FALSE,"-","{group_name}/parameters/fWinVeg","fraction surviving outside of growing season"
FALSE,"oxygen","water","oxygen_consumption","BOD","GOTM-WET","hO2BOD",1,0.8,1.2,1,FALSE,"mgO2/l","humus/parameters/hO2BOD","half saturation oxygen conc. for BOD"
FALSE,"carbon","sediment","water_sediment_exchange","sediment_flux_dim","GLM-AED2","theta_sed_dic",1.07,0.856,1.284,1.07,FALSE,"-","aed2_carbon/theta_sed_dic","Arrhenius temperature multiplier for sediment dic flux"
FALSE,"carbon","sediment","water_sediment_exchange","sediment_flux_dim","SIMSTRAT-AED2","theta_sed_dic",1.07,0.856,1.284,1.07,FALSE,"-","aed2_carbon/theta_sed_dic","Arrhenius temperature multiplier for sediment dic flux"
FALSE,"zoobenthos","sediment","grazing","grazing_rate","GOTM-WET","hDFoodBent",200,160,240,200,FALSE,"g/m2","{group_name}/parameters/hDFoodBent","half-saturation food concentration"
FALSE,"oxygen","sediment","water_sediment_exchange","diffusion","GOTM-WET","cThetaDif",1.016,0.8128,1.2192,1.016,FALSE,"1/e^*C","sediment_exchange/parameters/cThetaDif","temperature coefficient for diffusion"
FALSE,"oxygen","sediment","water_sediment_exchange","diffusion","GOTM-WET","cTurbDifO2",5,4,6,5,FALSE,"-","abiotic_sediment/parameters/cTurbDifO2","bioturbation factor for oxygen diffusion"
FALSE,"oxygen","sediment","water_sediment_exchange","diffusion","GOTM-WET","kO2Dif",0.00017,0.000136,0.000204,0.00017,FALSE,"m2/d","abiotic_sediment/parameters/kO2Dif","O2 diffusion constant at 20*C"
FALSE,"oxygen","water","initial_conditions","initial_oxygen","GLM-AED2","oxy_initial",225,180,270,225,FALSE,"mmol O2 m-3","aed2_oxygen/oxy_initial","-"
FALSE,"oxygen","water","initial_conditions","initial_oxygen","SIMSTRAT-AED2","oxy_initial",225,180,270,225,FALSE,"mmol O2 m-3","aed2_oxygen/oxy_initial","-"
FALSE,"oxygen","water","initial_conditions","initial_oxygen","GOTM-Selmaprotbas","o2",225,180,270,225,FALSE,"mmol O2 m-3","selmaprotbas/initialization/o2","-"
FALSE,"oxygen","water","initial_conditions","initial_oxygen","GOTM-WET","sO2W",13,10.4,15.6,13,FALSE,"g/m3","abiotic_water/initialization/sO2W","oxygen"
FALSE,"oxygen","water","oxygen","max_oxygen","GLM-AED2","oxy_max",500,400,600,500,FALSE,"mmol O2 m-3","aed2_oxygen/oxy_max","-"
FALSE,"oxygen","water","oxygen","max_oxygen","SIMSTRAT-AED2","oxy_max",500,400,600,500,FALSE,"mmol O2 m-3","aed2_oxygen/oxy_max","-"
FALSE,"oxygen","water","water_atmosphere_exchange","piston_velocity","GOTM-Selmaprotbas","pvel",5,4,6,5,FALSE,"m d-1","selmaprotbas/parameters/pvel","piston velocity"
FALSE,"oxygen","water","water_atmosphere_exchange","reaeration_parameters","GOTM-WET","cThetaAer",1.011,0.8088,1.2132,1.011,FALSE,"1/e^*C","abiotic_water/parameters/cThetaAer","temperature coefficient for reaeration"
FALSE,"phytoplankton","water","vertical_movement","equation_options_vertical_movement","GOTM-WET","fNutLimVMdown",0.675,0.54,0.81,0.675,FALSE,"-","{group_name}/parameters/fNutLimVMdown","qTrans > 3 or 4; threshold nut. limitation for downwards taxis"
FALSE,"macrophytes","sediment","growth","light_limitation","GOTM-WET","hLRefVeg",17,13.6,20.4,17,FALSE,"W/m2","{group_name}/parameters/hLRefVeg","half-saturation PAR of macrophyte growth at 20*C"
FALSE,"nitrogen","sediment","denitrification","denitrification","GOTM-WET","hNO3DenitS",0.5,0.4,0.6,0.5,FALSE,"mgN/l","abiotic_sediment/parameters/hNO3DenitS","quadratic half-sat. NO3 conc. for denitrification"
FALSE,"nitrogen","water","denitrification","denitrification","GOTM-WET","hNO3DenitW",1,0.8,1.2,1,FALSE,"mgN/l","DOM/parameters/hNO3DenitW","quadratic half saturation NO3 conc. for denitrification"
FALSE,"nitrogen","water","denitrification","denitrification","GOTM-WET","hNO3DenitW",1,0.8,1.2,1,FALSE,"mgN/l","POM/parameters/hNO3DenitW","quadratic half saturation NO3 conc. for denitrification"
FALSE,"nitrogen","water","denitrification","denitrification","GOTM-WET","hNO3DenitW",1,0.8,1.2,1,FALSE,"mgN/l","humus/parameters/hNO3DenitW","quadratic half saturation NO3 conc. for denitrification"
FALSE,"macrophytes","sediment","growth","oxygen_correction","GOTM-WET","hO2BOD",1,0.8,1.2,1,FALSE,"mgO2/l","{group_name}/parameters/hO2BOD","half-saturation constant for oxygen conc. on BOD"
FALSE,"phytoplankton","water","vertical_movement","equation_options_vertical_movement","GOTM-WET","fNutLimVMup",0.75,0.6,0.9,0.75,FALSE,"-","{group_name}/parameters/fNutLimVMup","qTrans > 2 or 4; threshold nut. limitation for upwards taxis"
FALSE,"nitrogen","water","nitrification","nitrification","GOTM-WET","hO2Nitr",2,1.6,2.4,2,FALSE,"mgO2/l","abiotic_water/parameters/hO2Nitr","half saturation oxygen conc. for nitrification"
FALSE,"phytoplankton","water","vertical_movement","equation_options_vertical_movement","GOTM-WET","qTrans",0,0,0,0,FALSE,"-","{group_name}/parameters/qTrans","Taxis method (1=const.; 2=Nut. taxis; 3=Light taxis; 4=N&L)"
FALSE,"zoobenthos","sediment","grazing","grazing_rate","GOTM-WET","kDAssBent",0.1,0.08,0.12,0.1,FALSE,"1/d","{group_name}/parameters/kDAssBent","maximum assimilation rate at 20*C"
FALSE,"carbon","sediment","water_sediment_exchange","sediment_flux_dim","GLM-AED2","Ksed_dic",6.8,5.44,8.16,6.8,FALSE,"-","aed2_carbon/Ksed_dic","half-saturation concentration of dic sediment flux"
FALSE,"carbon","sediment","water_sediment_exchange","sediment_flux_dim","SIMSTRAT-AED2","Ksed_dic",6.8,5.44,8.16,6.8,FALSE,"-","aed2_carbon/Ksed_dic","half-saturation concentration of dic sediment flux"
FALSE,"carbon","sediment","water_sediment_exchange","sediment_flux_dim","GLM-AED2","Fsed_dic",100,80,120,100,FALSE,"-","aed2_carbon/Fsed_dic","Sediment-water flux for dic"
FALSE,"carbon","sediment","water_sediment_exchange","sediment_flux_dim","SIMSTRAT-AED2","Fsed_dic",100,80,120,100,FALSE,"-","aed2_carbon/Fsed_dic","Sediment-water flux for dic"
FALSE,"carbon","sediment","water_sediment_exchange","sediment_flux_methane","GLM-AED2","theta_sed_ch4",1.07,0.856,1.284,1.07,FALSE,"-","aed2_carbon/theta_sed_ch4","Arrhenius temperature multiplier for sediment methane flux"
FALSE,"carbon","sediment","water_sediment_exchange","sediment_flux_methane","SIMSTRAT-AED2","theta_sed_ch4",1.07,0.856,1.284,1.07,FALSE,"-","aed2_carbon/theta_sed_ch4","Arrhenius temperature multiplier for sediment methane flux"
FALSE,"carbon","sediment","water_sediment_exchange","sediment_flux_methane","GLM-AED2","Ksed_ch4",30,24,36,30,FALSE,"-","aed2_carbon/Ksed_ch4","half-saturation concentration of methane sediment flux"
FALSE,"carbon","sediment","water_sediment_exchange","sediment_flux_methane","SIMSTRAT-AED2","Ksed_ch4",30,24,36,30,FALSE,"-","aed2_carbon/Ksed_ch4","half-saturation concentration of methane sediment flux"
FALSE,"carbon","sediment","water_sediment_exchange","sediment_flux_methane","GLM-AED2","Fsed_ch4",10,8,12,10,FALSE,"-","aed2_carbon/Fsed_ch4","Sediment-water flux for methane"
FALSE,"carbon","sediment","water_sediment_exchange","sediment_flux_methane","SIMSTRAT-AED2","Fsed_ch4",10,8,12,10,FALSE,"-","aed2_carbon/Fsed_ch4","Sediment-water flux for methane"
FALSE,"carbon","water","vertical_movement","sedimentation","GOTM-Selmaprotbas","wdz",-4.5,-3.6,-5.4,-4.5,FALSE,"m d-1","selmaprotbas/parameters/wdz","vertical velocity of detritus (positive: upwards/floating;  negative: downwards/sinking)"
FALSE,"phytoplankton","water","vertical_movement","vertical_velocity","GOTM-Selmaprotbas","buoy_temp_limit",0,0,0,0,FALSE,"degC","{group_name}/parameters/buoy_temp_limit","if temperature falls below this temperature;  vertical velocity is set to vert_vel_temp;  if buoyancy_regulation = true"
FALSE,"phosphorus","sediment","burial","burial","GOTM-Selmaprotbas","pburialrate",0.007,0.0056,0.0084,0.007,FALSE,"d-1","selmaprotbas/parameters/pburialrate","phosphate burial rate"
FALSE,"phosphorus","sediment","burial","burial","GOTM-Selmaprotbas","ipo4th",100,80,120,100,FALSE,"mmol P m-2","selmaprotbas/parameters/ipo4th","maximum phosphorus density available for burial"
FALSE,"zoobenthos","sediment","respiration","respiration_rate","GOTM-WET","kDRespBent",0.005,0.004,0.006,0.005,FALSE,"1/d","{group_name}/parameters/kDRespBent","respiration rate at 20*C"
FALSE,"phosphorus","sediment","initial_conditions","initial_phosphorus","GOTM-Selmaprotbas","fl_p",2,1.6,2.4,2,FALSE,"mmol P m-2","selmaprotbas/initialization/fl_p","initial phosphorus fluff (= active sediment)"
FALSE,"phosphorus","sediment","initial_conditions","initial_phosphorus","GOTM-Selmaprotbas","pb",0.03,0.024,0.036,0.03,FALSE,"mmol P m-2","selmaprotbas/initialization/pb","initial phosphorus bound to iron in the sediment"
FALSE,"macrophytes","sediment","respiration","respiration_rate","GOTM-WET","kDRespVeg",0.02,0.016,0.024,0.02,FALSE,"1/d","{group_name}/parameters/kDRespVeg","dark respiration rate at 20*C"
FALSE,"phosphorus","sediment","water_sediment_exchange","adsorption","GOTM-Selmaprotbas","pliberationrate",0.1,0.08,0.12,0.1,FALSE,"d-1","selmaprotbas/parameters/pliberationrate","phosphate liberation rate;  anoxic sediments"
FALSE,"phosphorus","sediment","water_sediment_exchange","adsorption","GOTM-Selmaprotbas","po4ret",0.18,0.144,0.216,0.18,FALSE,"-","selmaprotbas/parameters/po4ret","phosphate retention rate;  oxic sediments"
FALSE,"zoobenthos","sediment","migration","migration_rate","GOTM-WET","kMigrBent",0.001,8e-04,0.0012,0.001,FALSE,"1/d","{group_name}/parameters/kMigrBent","migration rate"
FALSE,"phosphorus","sediment","water_sediment_exchange","resuspension","GOTM-Selmaprotbas","eroratepo4",6,4.8,7.2,6,FALSE,"d-1","selmaprotbas/parameters/eroratepo4","P-Fe erosion rate"
FALSE,"macrophytes","sediment","migration","migration_rate","GOTM-WET","kMigrVeg",0.001,8e-04,0.0012,0.001,FALSE,"1/d","{group_name}/parameters/kMigrVeg","macrophytes immigration rate"
FALSE,"zoobenthos","sediment","mortality","mortality_rate","GOTM-WET","kMortBent",0.005,0.004,0.006,0.005,FALSE,"1/d","{group_name}/parameters/kMortBent","mortality rate"
FALSE,"macrophytes","sediment","mortality","mortality_rate","GOTM-WET","kMortVegSum",0.005,0.004,0.006,0.005,FALSE,"1/d","{group_name}/parameters/kMortVegSum","mortality rate during growing season"
FALSE,"nitrogen","sediment","water_sediment_exchange","diffusion","GOTM-WET","kNDifDOM1",8.5e-05,6.8e-05,0.000102,8.5e-05,FALSE,"m2/d","sediment_exchange/parameters/kNDifDOM1","DOM diffusion constant N at 20*C"
FALSE,"nitrogen","sediment","water_sediment_exchange","diffusion","GOTM-WET","kNDifNH4",0.000112,8.96e-05,0.0001344,0.000112,FALSE,"m2/d","sediment_exchange/parameters/kNDifNH4","molecular NH4 diffusion constant at 20*C"
FALSE,"nitrogen","sediment","water_sediment_exchange","diffusion","GOTM-WET","kNDifNO3",8.6e-05,6.88e-05,0.0001032,8.6e-05,FALSE,"m2/d","sediment_exchange/parameters/kNDifNO3","NO3 diffusion constant at 20*C"
FALSE,"phosphorus","water","initial_conditions","initial_phosphate","GOTM-Selmaprotbas","po",0.216,0.1728,0.2592,0.216,FALSE,"mmol P m-3","selmaprotbas/initialization/po","initial dissolved phosphate in the water column"
FALSE,"phosphorus","water","initial_conditions","initial_phosphorus","GOTM-Selmaprotbas","pw",0.001,8e-04,0.0012,0.001,FALSE,"mmol P m-3","selmaprotbas/initialization/pw","initial phosphorus bound to iron in the water column"
FALSE,"phosphorus","water","initial_conditions","initial_pom","GOTM-Selmaprotbas","dd_p",0,0,0,0,FALSE,"mmol P m-3","selmaprotbas/initialization/dd_p","initial detritus-P in the water column"
FALSE,"phosphorus","water","vertical_movement","sedimentation","GOTM-Selmaprotbas","wpo4",-1,-0.8,-1.2,-1,FALSE,"m d-1","selmaprotbas/parameters/wpo4","vertical velocity of suspended P-Fe (positive: upwards/floating;  negative: downwards/sinking)"
FALSE,"nitrogen","sediment","nitrification","nitrification","GOTM-WET","kNitrS",1.2,0.96,1.44,1.2,FALSE,"1/d","abiotic_sediment/parameters/kNitrS","nitrification rate constant at 20*C"
FALSE,"oxygen","sediment","water_sediment_exchange","sediment_flux","GLM-AED2","theta_sed_oxy",1.07,0.856,1.284,1.07,FALSE,"-","aed2_oxygen/theta_sed_oxy","Arrhenius temperature multiplier for sediment oxygen flux"
FALSE,"oxygen","sediment","water_sediment_exchange","sediment_flux","SIMSTRAT-AED2","theta_sed_oxy",1.07,0.856,1.284,1.07,FALSE,"-","aed2_oxygen/theta_sed_oxy","Arrhenius temperature multiplier for sediment oxygen flux"
FALSE,"phosphorus","water","water_column_processes","adsorption","GLM-AED2","Qmax",1,0.8,1.2,1,FALSE,"-","aed2_phosphorus/Qmax","Sorption constant"
FALSE,"phosphorus","water","water_column_processes","adsorption","SIMSTRAT-AED2","Qmax",1,0.8,1.2,1,FALSE,"-","aed2_phosphorus/Qmax","Sorption constant"
FALSE,"phosphorus","water","water_column_processes","phosphorus","GLM-AED2","frp_initial ",0.06,0.048,0.072,0.06,FALSE,"mmol P m-3","aed2_phosphorus/frp_initial","-"
FALSE,"phosphorus","water","water_column_processes","phosphorus","SIMSTRAT-AED2","frp_initial ",0.06,0.048,0.072,0.06,FALSE,"mmol P m-3","aed2_phosphorus/frp_initial","-"
FALSE,"phosphorus","water","water_sediment_exchange","phosphorus","GLM-AED2","Fsed_frp",0.45,0.36,0.54,0.45,FALSE,"mmol P m-3 d-1","aed2_phosphorus/Fsed_frp","Sediment-water flux for inorganic phosphorus"
FALSE,"phosphorus","water","water_sediment_exchange","phosphorus","SIMSTRAT-AED2","Fsed_frp",0.45,0.36,0.54,0.45,FALSE,"mmol P m-3 d-1","aed2_phosphorus/Fsed_frp","Sediment-water flux for inorganic phosphorus"
FALSE,"phosphorus","water","water_sediment_exchange","phosphorus","GLM-AED2","theta_sed_frp",1.07,0.856,1.284,1.07,FALSE,"-","aed2_phosphorus/theta_sed_frp","half-saturation concentration of  inorganic phosphorus sediment flux"
FALSE,"phosphorus","water","water_sediment_exchange","phosphorus","SIMSTRAT-AED2","theta_sed_frp",1.07,0.856,1.284,1.07,FALSE,"-","aed2_phosphorus/theta_sed_frp","half-saturation concentration of  inorganic phosphorus sediment flux"
FALSE,"phosphorus","water","water_sediment_exchange","phosphorus","GLM-AED2","Ksed_frp",62.5,50,75,62.5,FALSE,"mmol P m-3","aed2_phosphorus/Ksed_frp","Arrhenius temperature multiplier for sediment  inorganic phosphorus flux"
FALSE,"phosphorus","water","water_sediment_exchange","phosphorus","SIMSTRAT-AED2","Ksed_frp",62.5,50,75,62.5,FALSE,"mmol P m-3","aed2_phosphorus/Ksed_frp","Arrhenius temperature multiplier for sediment  inorganic phosphorus flux"
FALSE,"silica","water","initial_conditions","initial_silicate","GOTM-Selmaprotbas","si",1,0.8,1.2,1,FALSE,"mmol Si m-3","selmaprotbas/initialization/si","initial dissolved silicate in the water column"
FALSE,"silica","water","initial_conditions","initial_pom","GOTM-Selmaprotbas","dd_si",20,16,24,20,FALSE,"mmol Si m-3","selmaprotbas/initialization/dd_si","initial detritus-Si in the water column"
FALSE,"silica","sediment","initial_conditions","initial_silicate","GOTM-Selmaprotbas","fl_si",10,8,12,10,FALSE,"mmol Si m-2","selmaprotbas/initialization/fl_si","initial silicate fluff (= active sediment)"
FALSE,"silica","water","water_sediment_exchange","sediment_flux_silica","GLM-AED2","Ksed_rsi",150,120,180,150,FALSE,"mmol m-3","aed2_silica/Ksed_rsi","half-saturation O2 concentration for silica flux"
FALSE,"silica","water","water_sediment_exchange","sediment_flux_silica","SIMSTRAT-AED2","Ksed_rsi",150,120,180,150,FALSE,"mmol m-3","aed2_silica/Ksed_rsi","half-saturation O2 concentration for silica flux"
FALSE,"silica","water","water_sediment_exchange","sediment_flux_silica","GLM-AED2","theta_sed_rsi",1.07,0.856,1.284,1.07,FALSE,"-","aed2_silica/theta_sed_rsi","Arrhenius temperature multiplier for sediment silica flux"
FALSE,"silica","water","water_sediment_exchange","sediment_flux_silica","SIMSTRAT-AED2","theta_sed_rsi",1.07,0.856,1.284,1.07,FALSE,"-","aed2_silica/theta_sed_rsi","Arrhenius temperature multiplier for sediment silica flux"
FALSE,"silica","water","water_sediment_exchange","sediment_flux_silica","GLM-AED2","Fsed_rsi",5,4,6,5,FALSE,"mmol m-2 d-1","aed2_silica/Fsed_rsi","Sedimentation flux for silica"
FALSE,"silica","water","water_sediment_exchange","sediment_flux_silica","SIMSTRAT-AED2","Fsed_rsi",5,4,6,5,FALSE,"mmol m-2 d-1","aed2_silica/Fsed_rsi","Sedimentation flux for silica"
FALSE,"phytoplankton","water","mortality","excretion","GOTM-WET","fDissMort",0.2,0.16,0.24,0.2,FALSE,"-","{group_name}/parameters/fDissMort","soluble inorganic nutrient fraction of dead cells"
FALSE,"phytoplankton","sediment","mortality","excretion","GOTM-WET","fDOMS",0,0,0,0,FALSE,"-","{group_name}/parameters/fDOMS","DOM fraction of settled dead cells"
FALSE,"phytoplankton","water","mortality","excretion","GOTM-WET","fDOMW",0,0,0,0,FALSE,"-","{group_name}/parameters/fDOMW","DOM fraction of dead cells"
FALSE,"phytoplankton","water","growth","growth_rate","GOTM-WET","cMuMax",1.3,1.04,1.56,1.3,FALSE,"1/d","{group_name}/parameters/cMuMax","maximum growth rate at 20*C"
FALSE,"phytoplankton","water","initial_conditions","initial_phyto","GOTM-Selmaprotbas","c",0.006625,0.0053,0.00795,0.006625,FALSE,"mmol C m-3","{group_name}/initialization/c","Initial concentration of phytoplankton"
FALSE,"phytoplankton","water","initial_conditions","initial_phyto","GLM-AED2","p_initial",1,0.8,1.2,1,FALSE,"mmol C m-3","phyto_data/pd%p_initial","Initial concentration of phytoplankton"
FALSE,"phytoplankton","water","initial_conditions","initial_phyto","SIMSTRAT-AED2","p_initial",1,0.8,1.2,1,FALSE,"mmol C m-3","phyto_data/pd%p_initial","Initial concentration of phytoplankton"
FALSE,"phytoplankton","water","initial_conditions","minimum_concentration","GOTM-Selmaprotbas","c0",0,0,0,0,FALSE,"mmol C m-3","{group_name}/parameters/c0","background concentration"
FALSE,"phytoplankton","sediment","initial_conditions","initial_phyto","GOTM-WET","sDS",0.003,0.0024,0.0036,0.003,FALSE,"gDW/m2","{group_name}/initialization/sDS","sediment DW"
FALSE,"phytoplankton","water","initial_conditions","initial_phyto","GOTM-WET","sDW",0.1,0.08,0.12,0.1,FALSE,"gDW/m3","{group_name}/initialization/sDW","water column DW"
FALSE,"phytoplankton","sediment","initial_conditions","initial_phyto","GOTM-WET","sNS",3e-04,0.00024,0.00036,3e-04,FALSE,"gN/m2","{group_name}/initialization/sNS","sediment N"
FALSE,"phytoplankton","water","initial_conditions","initial_phyto","GOTM-WET","sNW",0.03,0.024,0.036,0.03,FALSE,"gN/m3","{group_name}/initialization/sNW","water column N"
FALSE,"phytoplankton","sediment","initial_conditions","initial_phyto","GOTM-WET","sPS",3e-05,2.4e-05,3.6e-05,3e-05,FALSE,"gP/m2","{group_name}/initialization/sPS","sediment P"
FALSE,"phosphorus","water","water_sediment_exchange","sedimentation","GOTM-Selmaprotbas","sedratepo4",0.5,0.4,0.6,0.5,FALSE,"m d-1","selmaprotbas/parameters/sedratepo4","P-Fe sedimentation rate"
FALSE,"nitrogen","water","nitrification","nitrification","GOTM-WET","kNitrW",0.3,0.24,0.36,0.3,FALSE,"1/d","abiotic_water/parameters/kNitrW","nitrification rate constant in water at 20*C"
FALSE,"nitrogen","sediment","decomposition","mineralisation_dom","GOTM-WET","kNMinS",0.003,0.0024,0.0036,0.003,FALSE,"1/d","DOM/parameters/kNMinS","mineralization constant of DOM-N at 20*C"
FALSE,"nitrogen","sediment","decomposition","mineralisation_dom","GOTM-WET","kNMinS",5e-05,4e-05,6e-05,5e-05,FALSE,"1/d","humus/parameters/kNMinS","mineralization constant of DOM-N at 20*C"
FALSE,"nitrogen","water","decomposition","mineralisation_dom","GOTM-WET","kNMinW",0.01,0.008,0.012,0.01,FALSE,"1/d","DOM/parameters/kNMinW","mineralization constant of DOM-N at 20*C"
FALSE,"nitrogen","sediment","decomposition","mineralisation_pom","GOTM-WET","kNMinW",0.001,8e-04,0.0012,0.001,FALSE,"1/d","humus/parameters/kNMinW","decomposition constant of POM-N at 20*C"
FALSE,"nitrogen","sediment","decomposition","mineralisation_pom","GOTM-WET","kNMinS",0.01,0.008,0.012,0.01,FALSE,"1/d","POM/parameters/kNMinS","decomposition constant of POM-N at 20*C"
FALSE,"nitrogen","water","decomposition","mineralisation_pom","GOTM-WET","kNMinW",0.01,0.008,0.012,0.01,FALSE,"1/d","POM/parameters/kNMinW","decomposition constant of POM-N at 20*C"
FALSE,"oxygen","sediment","water_sediment_exchange","sediment_flux","GLM-AED2","Fsed_oxy",-10,-8,-12,-10,FALSE,"mmol m-2 d-1","aed2_oxygen/Fsed_oxy","Sediment-water flux for oxygen"
FALSE,"oxygen","sediment","water_sediment_exchange","sediment_flux","SIMSTRAT-AED2","Fsed_oxy",-10,-8,-12,-10,FALSE,"mmol m-2 d-1","aed2_oxygen/Fsed_oxy","Sediment-water flux for oxygen"
FALSE,"phosphorus","sediment","absorption","absorption","GOTM-WET","kPChemPO4",0.03,0.024,0.036,0.03,FALSE,"1/d","abiotic_sediment/parameters/kPChemPO4","chemical PO4 loss rate"
FALSE,"phosphorus","sediment","water_sediment_exchange","diffusion","GOTM-WET","kPDifDOM1",0.00016,0.000128,0.000192,0.00016,FALSE,"m2/d","sediment_exchange/parameters/kPDifDOM1","DOM diffusion constant P at 20*C"
FALSE,"phosphorus","sediment","water_sediment_exchange","diffusion","GOTM-WET","kPDifPO4",7.2e-05,5.76e-05,8.64e-05,7.2e-05,FALSE,"m2/d","sediment_exchange/parameters/kPDifPO4","PO4 diffusion constant at 20*C"
FALSE,"phosphorus","sediment","decomposition","mineralisation_dom","GOTM-WET","kPMinS",0.003,0.0024,0.0036,0.003,FALSE,"1/d","DOM/parameters/kPMinS","mineralization constant of DOM-P at 20*C"
FALSE,"phytoplankton","water","initial_conditions","initial_phyto","GOTM-WET","sPW",0.003,0.0024,0.0036,0.003,FALSE,"gP/m3","{group_name}/initialization/sPW","water column P"
FALSE,"phytoplankton","water","light","light_attenuation","GOTM-WET","cExtSp",0.35,0.28,0.42,0.35,FALSE,"m2/gDW","{group_name}/parameters/cExtSp","specific extinction coefficient"
FALSE,"phosphorus","water","decomposition","mineralisation_dom","GOTM-WET","kPMinW",0.01,0.008,0.012,0.01,FALSE,"1/d","DOM/parameters/kPMinW","mineralization constant of DOM-P at 20*C"
FALSE,"phosphorus","sediment","decomposition","mineralisation_pom","GOTM-WET","kPMinS",5e-05,4e-05,6e-05,5e-05,FALSE,"1/d","humus/parameters/kPMinS","decomposition constant of POM-P at 20*C"
FALSE,"phosphorus","sediment","decomposition","mineralisation_pom","GOTM-WET","kPMinS",0.001,8e-04,0.0012,0.001,FALSE,"1/d","POM/parameters/kPMinS","decomposition constant of POM-P at 20*C"
FALSE,"phytoplankton","water","initial_conditions","minimum_concentration","GLM-AED2","p0",0.03,0.024,0.036,0.03,FALSE,"mmol C m-3","phyto_data/pd%p0","minimum concentration of phytoplankton"
FALSE,"phytoplankton","water","initial_conditions","minimum_concentration","SIMSTRAT-AED2","p0",0.03,0.024,0.036,0.03,FALSE,"mmol C m-3","phyto_data/pd%p0","minimum concentration of phytoplankton"
FALSE,"phytoplankton","water","growth","light_limitation","GOTM-WET","cLOptRef",25,20,30,25,FALSE,"W/m2","{group_name}/parameters/cLOptRef","qLightMethod=2; optimum PAR at 20*C; Steele function"
FALSE,"phytoplankton","water","growth","light_limitation","GOTM-WET","hLRef",17,13.6,20.4,17,FALSE,"W/m2","{group_name}/parameters/hLRef","qLightMethod=1; half-sat. PAR at 20*C; Lehmann function"
FALSE,"phytoplankton","water","mortality","mortality_rate","GOTM-Selmaprotbas","deltao",0.02,0.016,0.024,0.02,FALSE,"d-1","{group_name}/parameters/deltao","mortality rate"
FALSE,"phytoplankton","water","mortality","mortality_rate","GOTM-Selmaprotbas","deltao",0.02,0.016,0.024,0.02,FALSE,"d-1","{group_name}/parameters/deltao","mortality rate"
FALSE,"phytoplankton","water","growth","growth_rate","GLM-AED2","R_growth",1.25,1,1.5,1.25,FALSE,"d-1","phyto_data/pd%R_growth","Phyto max growth rate @20C"
FALSE,"phytoplankton","water","growth","growth_rate","SIMSTRAT-AED2","R_growth",1.25,1,1.5,1.25,FALSE,"d-1","phyto_data/pd%R_growth","Phyto max growth rate @20C"
FALSE,"phytoplankton","water","growth","n_fixation","GLM-AED2","R_nfix",0,0,0,0,FALSE,"mmol N mmol C-1 d-1","phyto_data/pd%R_nfix","fixation_rate"
FALSE,"phytoplankton","water","growth","n_fixation","SIMSTRAT-AED2","R_nfix",0,0,0,0,FALSE,"mmol N mmol C-1 d-1","phyto_data/pd%R_nfix","fixation_rate"
FALSE,"phytoplankton","sediment","initial_conditions","minimum_concentration","GOTM-WET","cDMinS",1e-05,8e-06,1.2e-05,1e-05,FALSE,"gDW/m3","{group_name}/parameters/cDMinS","minimum DW concentration in sediment"
FALSE,"phytoplankton","water","initial_conditions","minimum_concentration","GOTM-WET","cDMinW",1e-04,8e-05,0.00012,1e-04,FALSE,"gDW/m3","{group_name}/parameters/cDMinW","minimum DW concentration in water"
FALSE,"phosphorus","water","decomposition","mineralisation_pom","GOTM-WET","kPMinW",0.01,0.008,0.012,0.01,FALSE,"1/d","POM/parameters/kPMinW","decomposition constant of POM-P at 20*C"
FALSE,"phytoplankton","water","growth","light_limitation","GOTM-Selmaprotbas","imin",50,40,60,50,FALSE,"W m-2","{group_name}/parameters/imin","llim = 2; minimal optimal light radiation"
FALSE,"phytoplankton","water","growth","n_limitation","GLM-AED2","R_nuptake",0.068,0.0544,0.0816,0.068,FALSE,"mmol N m-3 d-1","phyto_data/pd%R_nuptake","maximum nitrogen uptake, used is simINDynamics = 2"
FALSE,"phytoplankton","water","growth","n_limitation","SIMSTRAT-AED2","R_nuptake",0.068,0.0544,0.0816,0.068,FALSE,"mmol N m-3 d-1","phyto_data/pd%R_nuptake","maximum nitrogen uptake, used is simINDynamics = 2"
FALSE,"phytoplankton","sediment","mortality","mortality_rate","GOTM-WET","kMortS",0.2,0.16,0.24,0.2,FALSE,"1/d","{group_name}/parameters/kMortS","mortality rate of settled phytoplankton"
FALSE,"phytoplankton","water","mortality","mortality_rate","GOTM-WET","kMortW",0.01,0.008,0.012,0.01,FALSE,"1/d","{group_name}/parameters/kMortW","mortality constant in water"
FALSE,"phosphorus","sediment","absorption","absorption","GOTM-WET","kPSorpS",0.03,0.024,0.036,0.03,FALSE,"1/d","abiotic_sediment/parameters/kPSorpS","P sorption rate constant"
FALSE,"phosphorus","water","decomposition","mineralisation_humus","GOTM-WET","kPMinW",0.001,8e-04,0.0012,0.001,FALSE,"1/d","humus/parameters/kPMinW","decomposition constant of POM-P at 20*C"
FALSE,"phosphorus","water","absorption","absorption","GOTM-WET","kPSorpW",0.05,0.04,0.06,0.05,FALSE,"1/d","abiotic_water/parameters/kPSorpW","P adsorption rate constant"
FALSE,"phytoplankton","water","light","light_attenuation","GOTM-Selmaprotbas","kc",0.0084,0.00672,0.01008,0.0084,FALSE,"m2 mmolC-1","{group_name}/parameters/kc","specific light attenuation"
FALSE,"phytoplankton","water","growth","equation_options_light_limitation","GOTM-Selmaprotbas","llim",1,0.8,1.2,1,FALSE,"(integer)","{group_name}/parameters/llim","light limitation of growth (1: Reynolds, 2: Selma)"
FALSE,"phytoplankton","water","growth","p_limitation","GLM-AED2","R_puptake",0.0039,0.00312,0.00468,0.0039,FALSE,"mmol P m-3 d-1","phyto_data/pd%R_puptake","maximum phosphorus uptake, used if simIPDynamics = 2"
FALSE,"phytoplankton","water","growth","p_limitation","SIMSTRAT-AED2","R_puptake",0.0039,0.00312,0.00468,0.0039,FALSE,"mmol P m-3 d-1","phyto_data/pd%R_puptake","maximum phosphorus uptake, used if simIPDynamics = 2"
FALSE,"phytoplankton","water","respiration","respiration_rate","GLM-AED2","R_resp",0.08,0.064,0.096,0.08,FALSE,"?","phyto_data/pd%R_resp","respiration_rate"
FALSE,"phytoplankton","water","respiration","respiration_rate","SIMSTRAT-AED2","R_resp",0.08,0.064,0.096,0.08,FALSE,"?","phyto_data/pd%R_resp","respiration_rate"
FALSE,"phytoplankton","water","respiration","respiration_rate","GOTM-Selmaprotbas","nb",0.01,0.008,0.012,0.01,FALSE,"d-1","{group_name}/parameters/nb","excretion rate"
FALSE,"phytoplankton","water","growth","salt_limitation","GLM-AED2","S_bep",2,1.6,2.4,2,FALSE,"?","phyto_data/pd%S_bep","salinity_limitation"
FALSE,"phytoplankton","water","growth","salt_limitation","SIMSTRAT-AED2","S_bep",2,1.6,2.4,2,FALSE,"?","phyto_data/pd%S_bep","salinity_limitation"
FALSE,"phytoplankton","water","growth","salt_limitation","GLM-AED2","S_maxsp",35,28,42,35,FALSE,"g kg-1","phyto_data/pd%S_maxsp","salinity_maximum"
FALSE,"phytoplankton","water","growth","salt_limitation","SIMSTRAT-AED2","S_maxsp",35,28,42,35,FALSE,"g kg-1","phyto_data/pd%S_maxsp","salinity_maximum"
FALSE,"phytoplankton","water","growth","salt_limitation","GLM-AED2","S_opt",0.01,0.008,0.012,0.01,FALSE,"g kg-1","phyto_data/pd%S_opt","salinity_optimum"
FALSE,"phytoplankton","water","growth","salt_limitation","SIMSTRAT-AED2","S_opt",0.01,0.008,0.012,0.01,FALSE,"g kg-1","phyto_data/pd%S_opt","salinity_optimum"
FALSE,"phytoplankton","water","growth","equation_options_salt_limitation","GLM-AED2","salTol",0,0,0,0,FALSE,"(integer)","phyto_data/pd%salTol","1: ; 2:"
FALSE,"phytoplankton","water","growth","equation_options_salt_limitation","SIMSTRAT-AED2","salTol",0,0,0,0,FALSE,"(integer)","phyto_data/pd%salTol","1: ; 2:"
FALSE,"phytoplankton","water","growth","si_limitation","GLM-AED2","Si_0",0,0,0,0,FALSE,"mmol Si m-3","phyto_data/pd%Si_0","minimum_concentration"
FALSE,"phytoplankton","water","growth","si_limitation","SIMSTRAT-AED2","Si_0",0,0,0,0,FALSE,"mmol Si m-3","phyto_data/pd%Si_0","minimum_concentration"
FALSE,"phytoplankton","water","growth","equation_options_n_limitation","GLM-AED2","simDINUptake",1,0.8,1.2,1,FALSE,"(integer)","phyto_data/pd%simDINUptake","1: ; 2:"
FALSE,"phytoplankton","water","growth","equation_options_n_limitation","SIMSTRAT-AED2","simDINUptake",1,0.8,1.2,1,FALSE,"(integer)","phyto_data/pd%simDINUptake","1: ; 2:"
FALSE,"phytoplankton","water","growth","equation_options_p_limitation","GLM-AED2","simDIPUptake",1,0.8,1.2,1,FALSE,"(integer)","phyto_data/pd%simDIPUptake","DIP_model"
FALSE,"phytoplankton","water","growth","equation_options_p_limitation","SIMSTRAT-AED2","simDIPUptake",1,0.8,1.2,1,FALSE,"(integer)","phyto_data/pd%simDIPUptake","DIP_model"
FALSE,"phytoplankton","water","stoichiometry","nitrogen_ratio","GOTM-WET","cNDMax",0.15,0.12,0.18,0.15,FALSE,"mgN/mgDW","{group_name}/parameters/cNDMax","maximum N/DW ratio"
FALSE,"phytoplankton","water","stoichiometry","nitrogen_ratio","GOTM-WET","cNDMin",0.018,0.0144,0.0216,0.018,FALSE,"mgN/mgDW","{group_name}/parameters/cNDMin","minimum N/DW ratio"
FALSE,"phytoplankton","water","growth","oxygen_correction","GOTM-WET","hO2BOD",1,0.8,1.2,1,FALSE,"mgO2/l","{group_name}/parameters/hO2BOD","half-saturation constant for oxygen conc. on BOD"
FALSE,"phytoplankton","water","vertical_movement","vertical_velocity","GOTM-Selmaprotbas","par_limit1",21.9,17.52,26.28,21.9,FALSE,"W m-2","{group_name}/parameters/par_limit1","below this light intensity;  buoyancy-regulating plankton change vertical velocity from vert_vel1 to vert_vel2"
FALSE,"phytoplankton","water","growth","equation_options_n_limitation","GLM-AED2","simDONUptake",0,0,0,0,FALSE,"(integer)","phyto_data/pd%simDONUptake","1: ; 2:"
FALSE,"phytoplankton","water","growth","equation_options_n_limitation","SIMSTRAT-AED2","simDONUptake",0,0,0,0,FALSE,"(integer)","phyto_data/pd%simDONUptake","1: ; 2:"
FALSE,"phytoplankton","water","growth","equation_options_n_limitation","GLM-AED2","simINDynamics",2,1.6,2.4,2,FALSE,"(integer)","phyto_data/pd%simINDynamics","1: ; 2:"
FALSE,"phytoplankton","water","growth","equation_options_n_limitation","SIMSTRAT-AED2","simINDynamics",2,1.6,2.4,2,FALSE,"(integer)","phyto_data/pd%simINDynamics","1: ; 2:"
FALSE,"phytoplankton","water","growth","equation_options_p_limitation","GLM-AED2","simIPDynamics",2,1.6,2.4,2,FALSE,"(integer)","phyto_data/pd%simIPDynamics","IP_model"
FALSE,"phytoplankton","water","growth","equation_options_p_limitation","SIMSTRAT-AED2","simIPDynamics",2,1.6,2.4,2,FALSE,"(integer)","phyto_data/pd%simIPDynamics","IP_model"
FALSE,"phytoplankton","water","growth","equation_options_n_limitation","GLM-AED2","simNFixation",0,0,0,0,FALSE,"(integer)","phyto_data/pd%simNFixation","1: ; 2:"
FALSE,"phytoplankton","water","growth","equation_options_n_limitation","SIMSTRAT-AED2","simNFixation",0,0,0,0,FALSE,"(integer)","phyto_data/pd%simNFixation","1: ; 2:"
FALSE,"silicon","sediment","decomposition","mineralisation_pom","GOTM-WET","kSiMinPaS",0.03,0.024,0.036,0.03,FALSE,"1/d","abiotic_sediment/parameters/kSiMinPaS","SiPOM to SiO2 biodissolution constant at 20*C"
FALSE,"silicon","water","decomposition","mineralisation_pom","GOTM-WET","kSiMinPaW",0.03,0.024,0.036,0.03,FALSE,"1/d","abiotic_water/parameters/kSiMinPaW","biodissolution constant of particulate Si to SiO2 at 20*C"
FALSE,"phytoplankton","water","growth","equation_options_si_limitation","GLM-AED2","simSiUptake",0,0,0,0,FALSE,"(integer)","phyto_data/pd%simSiUptake","1: ; 2:"
FALSE,"phytoplankton","water","growth","equation_options_si_limitation","SIMSTRAT-AED2","simSiUptake",0,0,0,0,FALSE,"(integer)","phyto_data/pd%simSiUptake","1: ; 2:"
FALSE,"phytoplankton","water","growth","temperature_limitation","GLM-AED2","T_max",37,29.6,44.4,37,FALSE,"degC","phyto_data/pd%T_max","maximum_temperature"
FALSE,"phytoplankton","water","growth","temperature_limitation","SIMSTRAT-AED2","T_max",37,29.6,44.4,37,FALSE,"degC","phyto_data/pd%T_max","maximum_temperature"
FALSE,"phytoplankton","water","stoichiometry","phosphorus_ratio","GOTM-WET","cPDMax",0.025,0.02,0.03,0.025,FALSE,"mgP/mgDW","{group_name}/parameters/cPDMax","maximum P/DW ratio"
FALSE,"phytoplankton","water","stoichiometry","phosphorus_ratio","GOTM-WET","cPDMin",0.003,0.0024,0.0036,0.003,FALSE,"mgP/mgDW","{group_name}/parameters/cPDMin","minimum P/DW ratio"
FALSE,"phytoplankton","water","vertical_movement","vertical_velocity","GOTM-Selmaprotbas","par_limit2",6.6,5.28,7.92,6.6,FALSE,"W m-2","{group_name}/parameters/par_limit2","below this light intensity;  buoyancy-regulating plankton change vertical velocity to vert_vel3"
FALSE,"silicon","sediment","water_sediment_exchange","diffusion","GOTM-WET","kSiO2Dif",8.64e-05,6.912e-05,0.00010368,8.64e-05,FALSE,"m2/d","sediment_exchange/parameters/kSiO2Dif","SiO2 diffusion constant at 20*C"
FALSE,"carbon/nitrogen/phosphorous","sediment","sediment_water_exchange","resuspension","GOTM-WET","kVegResus",0.05,0.04,0.06,0.05,FALSE,"m2/gDW","sediment_exchange/parameters/kVegResus","relative resuspension reduction per gram macrophytes"
FALSE,"phytoplankton","water","respiration","respiration_rate","GOTM-WET","kDResp",0.03,0.024,0.036,0.03,FALSE,"1/d","{group_name}/parameters/kDResp","maintenance respiration constant at 20*C"
FALSE,"phytoplankton","water","vertical_movement","vertical_velocity","GOTM-Selmaprotbas","par_limit3",2.2,1.76,2.64,2.2,FALSE,"W m-2","{group_name}/parameters/par_limit3","below this light intensity;  buoyancy-regulating plankton change vertical velocity to vert_vel4"
FALSE,"phytoplankton","water","growth","growth_rate","GOTM-Selmaprotbas","r0",1.3,1.04,1.56,1.3,FALSE,"d-1","{group_name}/parameters/r0","maximum growth rate at 20 degrees C"
FALSE,"phytoplankton","water","growth","temperature_limitation","GLM-AED2","T_opt",28,22.4,33.6,28,FALSE,"degC","phyto_data/pd%T_opt","optimum_temperature"
FALSE,"phytoplankton","water","growth","temperature_limitation","SIMSTRAT-AED2","T_opt",28,22.4,33.6,28,FALSE,"degC","phyto_data/pd%T_opt","optimum_temperature"
FALSE,"phytoplankton","water","growth","temperature_limitation","GLM-AED2","T_std",20,16,24,20,FALSE,"degC","phyto_data/pd%T_std","standard_temperature"
FALSE,"phytoplankton","water","growth","temperature_limitation","SIMSTRAT-AED2","T_std",20,16,24,20,FALSE,"degC","phyto_data/pd%T_std","standard_temperature"
FALSE,"phytoplankton","sediment","water_sediment_exchange","resuspension","GOTM-WET","cResusExp",-0.379,-0.3032,-0.4548,-0.379,FALSE,"gDW/m2/d)","{group_name}/parameters/cResusExp","exponent parameter for phytoplankton resuspension (1"
FALSE,"phytoplankton","sediment","water_sediment_exchange","resuspension","GOTM-WET","kResusMax",0.25,0.2,0.3,0.25,FALSE,"1/d","{group_name}/parameters/kResusMax","maximum phytoplankton resuspension rate"
FALSE,"phytoplankton","water","stoichiometry","nitrogen_ratio","GOTM-Selmaprotbas","rfn",0.150943,0.1207544,0.1811316,0.150943,FALSE,"-","{group_name}/parameters/rfn","nitrogen : carbon ratio (mol N/mol C)"
FALSE,"phytoplankton","water","growth","temperature_limitation","GLM-AED2","theta_growth",1.08,0.864,1.296,1.08,FALSE,"?","phyto_data/pd%theta_growth","Arrhenius temperature multiplier for phytoplankton growth"
FALSE,"phytoplankton","water","growth","temperature_limitation","SIMSTRAT-AED2","theta_growth",1.08,0.864,1.296,1.08,FALSE,"?","phyto_data/pd%theta_growth","Arrhenius temperature multiplier for phytoplankton growth"
FALSE,"macrophytes","sediment","technical","","GOTM-WET","nCompts",0,0,0,0,FALSE,"(integer)","{group_name}/parameters/nCompts","number of macrophyte competitors"
FALSE,"phytoplankton","water","respiration","respiration_rate","GLM-AED2","theta_resp",1.05,0.84,1.26,1.05,FALSE,"?","phyto_data/pd%theta_resp","Arrhenius temperature multiplier for phytoplankton respiration"
FALSE,"phytoplankton","water","respiration","respiration_rate","SIMSTRAT-AED2","theta_resp",1.05,0.84,1.26,1.05,FALSE,"?","phyto_data/pd%theta_resp","Arrhenius temperature multiplier for phytoplankton respiration"
FALSE,"phytoplankton","water","vertical_movement","vertical_velocity","GLM-AED2","w_p",-0.05,-0.04,-0.06,-0.05,FALSE,"m d-1","phyto_data/pd%w_p","Sedimentation rate (negative is downwards)"
FALSE,"phytoplankton","water","vertical_movement","vertical_velocity","SIMSTRAT-AED2","w_p",-0.05,-0.04,-0.06,-0.05,FALSE,"m d-1","phyto_data/pd%w_p","Sedimentation rate (negative is downwards)"
FALSE,"phytoplankton","water","vertical_movement","sedimentation_velocity","GOTM-WET","cVSed",0.2,0.16,0.24,0.2,FALSE,"m/d","{group_name}/parameters/cVSed","sedimentation velocity"
FALSE,"phytoplankton","water","vertical_movement","settling","GOTM-WET","cVSet",0.05,0.04,0.06,0.05,FALSE,"qTrans = 1; settling rat","{group_name}/parameters/cVSet",""
FALSE,"phytoplankton","water","stoichiometry","phosphorus_ratio","GOTM-Selmaprotbas","rfr",0.009434,0.0075472,0.0113208,0.009434,FALSE,"-","{group_name}/parameters/rfr","phosphorus : carbon ratio (mol P/mol C)"
FALSE,"phytoplankton","water","growth","si_limitation","GOTM-WET","hSiAss",0.09,0.072,0.108,0.09,FALSE,"mgSi/l","{group_name}/parameters/hSiAss","half-saturation constant for Si; only for lSi=.true."
FALSE,"nitrogen","sediment","denitrification","denitrification","GOTM-WET","NO3PerCS",1,0.8,1.2,1,FALSE,"mol/mol","abiotic_sediment/parameters/NO3PerCS","NO3 denitrified per C mineralized"
FALSE,"phytoplankton","water","stoichiometry","silica_ratio","GOTM-Selmaprotbas","rfs",0,0,0,0,FALSE,"-","{group_name}/parameters/rfs","silica : carbon ratio (mol Si/mol C)"
FALSE,"phytoplankton","water","growth","n_limitation","GLM-AED2","X_ncon",0.035,0.028,0.042,0.035,FALSE,"mmol N mmol C-1","phyto_data/pd%X_ncon","concentration, used if simINDynamics = 0 or 1"
FALSE,"phytoplankton","water","growth","n_limitation","SIMSTRAT-AED2","X_ncon",0.035,0.028,0.042,0.035,FALSE,"mmol N mmol C-1","phyto_data/pd%X_ncon","concentration, used if simINDynamics = 0 or 1"
FALSE,"nitrogen","water","denitrification","denitrification","GOTM-WET","NO3PerCW",1,0.8,1.2,1,FALSE,"mol/mol","DOM/parameters/NO3PerCW","denitrified NO3 per C mineralised"
FALSE,"nitrogen","water","denitrification","denitrification","GOTM-WET","NO3PerCW",1,0.8,1.2,1,FALSE,"mol/mol","POM/parameters/NO3PerCW","denitrified NO3 per C mineralised"
FALSE,"nitrogen","water","denitrification","denitrification","GOTM-WET","NO3PerCW",1,0.8,1.2,1,FALSE,"mol/mol","humus/parameters/NO3PerCW","denitrified NO3 per C mineralised"
FALSE,"zoobenthos","sediment","grazing","food_items","GOTM-WET","nPrey",1,0.8,1.2,1,FALSE,"-","{group_name}/parameters/nPrey","number of prey types"
FALSE,"phytoplankton","water","growth","n_limitation","GLM-AED2","X_nmax",0.21,0.168,0.252,0.21,FALSE,"mmol N mmol C-1 ","phyto_data/pd%X_nmax","maximum internal nitrogen concentration, used if simINDynamics = 2"
FALSE,"phytoplankton","water","growth","n_limitation","SIMSTRAT-AED2","X_nmax",0.21,0.168,0.252,0.21,FALSE,"mmol N mmol C-1 ","phyto_data/pd%X_nmax","maximum internal nitrogen concentration, used if simINDynamics = 2"
FALSE,"nitrogen","sediment","nitrification","nitrification","GOTM-WET","O2PerNH4S",2,1.6,2.4,2,FALSE,"mol/mol","abiotic_sediment/parameters/O2PerNH4S","O2 used per NH4 nitrified"
FALSE,"nitrogen","water","nitrification","nitrification","GOTM-WET","O2PerNH4W",2,1.6,2.4,2,FALSE,"mol/mol","abiotic_water/parameters/O2PerNH4W","used O2 per NH4 nitrified"
FALSE,"phytoplankton","water","growth","n_limitation","GLM-AED2","X_nmin",0.06,0.048,0.072,0.06,FALSE,"mmol N mmol C-0","phyto_data/pd%X_nmin","minimum internal nitrogen concentration, used if simINDynamics = 2"
FALSE,"phytoplankton","water","growth","n_limitation","SIMSTRAT-AED2","X_nmin",0.06,0.048,0.072,0.06,FALSE,"mmol N mmol C-0","phyto_data/pd%X_nmin","minimum internal nitrogen concentration, used if simINDynamics = 2"
FALSE,"zoobenthos","sediment","grazing","preference","GOTM-WET","POMpref",1,0.8,1.2,1,FALSE,"-","{group_name}/parameters/POMpref","lEatPOM = .true.; selection factor for POM consumption"
FALSE,"carbon","water","water_sediment_exchange","sedimentation","GOTM-Selmaprotbas","sedrate",2.25,1.8,2.7,2.25,FALSE,"m d-1","selmaprotbas/parameters/sedrate","detritus sedimentation rate"
FALSE,"phytoplankton","water","stoichiometry","silica_ratio","GOTM-WET","cSiD",0.15,0.12,0.18,0.15,FALSE,"mgSi/mgDW","{group_name}/parameters/cSiD","lSi=.true.; Si/DW ratio"
FALSE,"carbon","water","vertical_movement","settling","GOTM-WET","cVSetIM",-1.1,-0.88,-1.32,-1.1,FALSE,"m/d","abiotic_water/parameters/cVSetIM","maximum settling rate of inorganic matter"
FALSE,"phytoplankton","water","water_sediment_exchange","settling","GOTM-Selmaprotbas","sedrate",0,0,0,0,FALSE,"m d-1","{group_name}/parameters/sedrate","sedimentation rate"
FALSE,"phytoplankton","water","growth","temperature_limitation","GOTM-WET","cSigTm",11.6,9.28,13.92,11.6,FALSE,"*C","{group_name}/parameters/cSigTm","growth rate temperature constant; sigma in Gaussian curve"
FALSE,"phytoplankton","water","growth","temperature_limitation","GOTM-WET","cTmOpt",25,20,30,25,FALSE,"*C","{group_name}/parameters/cTmOpt","optimum temperature of growth rate"
FALSE,"macrophytes","sediment","initial_conditions","initial_macrophytes","GOTM-WET","sD",1,0.8,1.2,1,FALSE,"gDW/m2","{group_name}/initialization/sD","DW"
FALSE,"phytoplankton","water","water_sediment_exchange","resuspension","GOTM-Selmaprotbas","tau_crit",0.07,0.056,0.084,0.07,FALSE,"N m-2","{group_name}/parameters/tau_crit","critical shear stress"
FALSE,"phytoplankton","water","growth","p_limitation","GLM-AED2","X_pcon",0.002,0.0016,0.0024,0.002,FALSE,"mmol Pmmol C-1","phyto_data/pd%X_pcon","constant internal phosphorus concentration, used if simIPDynamics = 0 or 1"
FALSE,"phytoplankton","water","growth","p_limitation","SIMSTRAT-AED2","X_pcon",0.002,0.0016,0.0024,0.002,FALSE,"mmol Pmmol C-1","phyto_data/pd%X_pcon","constant internal phosphorus concentration, used if simIPDynamics = 0 or 1"
FALSE,"phytoplankton","water","growth","p_limitation","GLM-AED2","X_pmax",0.0089,0.00712,0.01068,0.0089,FALSE,"mmol Pmmol C-1","phyto_data/pd%X_pmax","maximum internal phosphorus concentration, used if simIPDynamics = 2"
FALSE,"phytoplankton","water","growth","p_limitation","SIMSTRAT-AED2","X_pmax",0.0089,0.00712,0.01068,0.0089,FALSE,"mmol Pmmol C-1","phyto_data/pd%X_pmax","maximum internal phosphorus concentration, used if simIPDynamics = 2"
FALSE,"phytoplankton","water","growth","p_limitation","GLM-AED2","X_pmin",0.00077,0.000616,0.000924,0.00077,FALSE,"mmol Pmmol C-1","phyto_data/pd%X_pmin","minimum internal phosphorus concentration, used if simIPDynamics = 2"
FALSE,"phytoplankton","water","growth","p_limitation","SIMSTRAT-AED2","X_pmin",0.00077,0.000616,0.000924,0.00077,FALSE,"mmol Pmmol C-1","phyto_data/pd%X_pmin","minimum internal phosphorus concentration, used if simIPDynamics = 2"
FALSE,"phytoplankton","water","growth","si_limitation","GLM-AED2","X_sicon",0,0,0,0,FALSE,"mmol Si mmol C-1","phyto_data/pd%X_sicon","constant_concentration"
FALSE,"phytoplankton","water","growth","si_limitation","SIMSTRAT-AED2","X_sicon",0,0,0,0,FALSE,"mmol Si mmol C-1","phyto_data/pd%X_sicon","constant_concentration"
FALSE,"zoobenthos","sediment","initial_conditions","initial_zoobenthos","GOTM-WET","sD",0.3,0.24,0.36,0.3,FALSE,"gDW/m2","{group_name}/initialization/sD","DW"
FALSE,"phytoplankton","water","growth","temperature_minimum","GOTM-Selmaprotbas","temp_min",8,6.4,9.6,8,FALSE,"degC","{group_name}/parameters/temp_min","temperature below optimum where growth is 10% of maximum (degrees C), default = 0.0"
FALSE,"phytoplankton","water","growth","temperature_optimum","GOTM-Selmaprotbas","temp_opt",20,16,24,20,FALSE,"degC","{group_name}/parameters/temp_opt","optimum temperature of growth rate (degrees C), default = 20.0"
FALSE,"phytoplankton","water","stoichiometry","uptake_n","GOTM-WET","cAffNUpt",0.2,0.16,0.24,0.2,FALSE,"l/mgDW/d","{group_name}/parameters/cAffNUpt","N uptake affinity"
FALSE,"phytoplankton","water","stoichiometry","uptake_n","GOTM-WET","cVNUptMax",0.08,0.064,0.096,0.08,FALSE,"mgN/mgDW/d","{group_name}/parameters/cVNUptMax","N uptake capacity at 20*C"
FALSE,"phytoplankton","water","stoichiometry","uptake_p","GOTM-WET","cAffPUpt",0.8,0.64,0.96,0.8,FALSE,"l/mgDW/d","{group_name}/parameters/cAffPUpt","P uptake affinity"
FALSE,"phytoplankton","water","stoichiometry","uptake_p","GOTM-WET","cVPUptMax",0.04,0.032,0.048,0.04,FALSE,"mgP/mgDW/d","{group_name}/parameters/cVPUptMax","P uptake capacity at 20*C"
FALSE,"phytoplankton","water","vertical_movement","vertical_velocity","GOTM-WET","cVSwim",10,8,12,10,FALSE,"m/d","{group_name}/parameters/cVSwim","qTrans > 1; vertical swimming speed"
FALSE,"phytoplankton","water","stoichiometry","chlorophyll_ratio","GLM-AED2","Xcc",50,40,60,50,FALSE,"mg C mg Chla-1","phyto_data/pd%Xcc","carbon : chlorophyll a ratio"
FALSE,"phytoplankton","water","stoichiometry","chlorophyll_ratio","SIMSTRAT-AED2","Xcc",50,40,60,50,FALSE,"mg C mg Chla-1","phyto_data/pd%Xcc","carbon : chlorophyll a ratio"
FALSE,"phytoplankton","water","growth","equation_options_growth_rate","GOTM-Selmaprotbas","tlim",5,4,6,5,FALSE,"(integer)","{group_name}/parameters/tlim","temperature limitation of growth (0: none (i.e. beta only), 1: flagellate-style, 2: cyanobacteria-style)"
FALSE,"macrophytes","sediment","initial_conditions","initial_macrophytes","GOTM-WET","sD_PV",1,0.8,1.2,1,FALSE,"gDW/m2","{group_name}/initialization/sD_PV","DW pel. var"
FALSE,"zoobenthos","sediment","initial_conditions","initial_zoobenthos","GOTM-WET","sD_PV",0.3,0.24,0.36,0.3,FALSE,"gDW/m2","{group_name}/initialization/sD_PV","DW pel. var"
FALSE,"carbon","water","vertical_movement","settling","GOTM-WET","cVSet",0.3,0.24,0.36,0.3,FALSE,"m/d","POM/parameters/cVSet","maximum settling rate of POM"
FALSE,"carbon","water","noncohesive","tracer","GLM-AED2","w_ss",-0.03,-0.024,-0.036,-0.03,FALSE,"?","aed2_noncohesive/w_ss","Tracer"
FALSE,"carbon","water","noncohesive","tracer","SIMSTRAT-AED2","w_ss",-0.03,-0.024,-0.036,-0.03,FALSE,"?","aed2_noncohesive/w_ss","Tracer"
FALSE,"carbon","water","noncohesive","tracer","GLM-AED2","d_ss",2e-06,1.6e-06,2.4e-06,2e-06,FALSE,"?","aed2_noncohesive/d_ss","Tracer"
FALSE,"carbon","water","noncohesive","tracer","SIMSTRAT-AED2","d_ss",2e-06,1.6e-06,2.4e-06,2e-06,FALSE,"?","aed2_noncohesive/d_ss","Tracer"
FALSE,"carbon","water","noncohesive","tracer","GLM-AED2","Ktau_0",0.001,8e-04,0.0012,0.001,FALSE,"?","aed2_noncohesive/Ktau_0","Tracer"
FALSE,"carbon","water","noncohesive","tracer","SIMSTRAT-AED2","Ktau_0",0.001,8e-04,0.0012,0.001,FALSE,"?","aed2_noncohesive/Ktau_0","Tracer"
FALSE,"silicon","water","water_column_processes","sedimentation","GLM-AED2","Fsed_rsi",5,4,6,5,FALSE,"?","aed2_silica/Fsed_rsi","Sedimentation flux for silica"
FALSE,"silicon","water","water_column_processes","sedimentation","SIMSTRAT-AED2","Fsed_rsi",5,4,6,5,FALSE,"?","aed2_silica/Fsed_rsi","Sedimentation flux for silica"
FALSE,"carbon","water","noncohesive","tracer","GLM-AED2","epsilon",0.01,0.008,0.012,0.01,FALSE,"?","aed2_noncohesive/epsilon","Tracer"
FALSE,"carbon","water","noncohesive","tracer","SIMSTRAT-AED2","epsilon",0.01,0.008,0.012,0.01,FALSE,"?","aed2_noncohesive/epsilon","Tracer"
FALSE,"carbon","water","noncohesive","tracer","GLM-AED2","tau_0",0.01,0.008,0.012,0.01,FALSE,"?","aed2_noncohesive/tau_0","Tracer"
FALSE,"carbon","water","noncohesive","tracer","SIMSTRAT-AED2","tau_0",0.01,0.008,0.012,0.01,FALSE,"?","aed2_noncohesive/tau_0","Tracer"
FALSE,"carbon","water","noncohesive","tracer","GLM-AED2","Ke_ss",0.06,0.048,0.072,0.06,FALSE,"?","aed2_noncohesive/Ke_ss","Tracer"
FALSE,"carbon","water","noncohesive","tracer","SIMSTRAT-AED2","Ke_ss",0.06,0.048,0.072,0.06,FALSE,"?","aed2_noncohesive/Ke_ss","Tracer"
FALSE,"phytoplankton","water","growth","equation_options_temperature_limitation","GOTM-Selmaprotbas","tll",13.5,10.8,16.2,13.5,FALSE,"-","{group_name}/parameters/tll","if tlim = 1; half-saturation temperature, squared (degC2). if tlim = 2; lower temperature limit (degC)"
FALSE,"macrophytes","sediment","initial_conditions","initial_macrophytes","GOTM-WET","sN",0.02,0.016,0.024,0.02,FALSE,"gN/m2","{group_name}/initialization/sN","N"
FALSE,"zoobenthos","sediment","initial_conditions","initial_zoobenthos","GOTM-WET","sN",0.021,0.0168,0.0252,0.021,FALSE,"gN/m2","{group_name}/initialization/sN","N"
FALSE,"macrophytes","sediment","initial_conditions","initial_macrophytes","GOTM-WET","sN_PV",0.02,0.016,0.024,0.02,FALSE,"gDW/m2","{group_name}/initialization/sN_PV","N pel. var"
FALSE,"zoobenthos","sediment","initial_conditions","initial_zoobenthos","GOTM-WET","sN_PV",0.021,0.0168,0.0252,0.021,FALSE,"gDW/m2","{group_name}/initialization/sN_PV","N pel. var"
FALSE,"nitrogen","sediment","initial_conditions","initial_dom","GOTM-WET","sNS",0.06,0.048,0.072,0.06,FALSE,"g/m2","DOM/initialization/sNS","dissolved organic N"
FALSE,"nitrogen","water","initial_conditions","initial_dom","GOTM-WET","sNW",0.01,0.008,0.012,0.01,FALSE,"g/m3","DOM/initialization/sNW","dissolved organic N"
FALSE,"nitrogen","sediment","initial_conditions","initial_ammonium","GOTM-WET","sNH4S",0.04,0.032,0.048,0.04,FALSE,"g/m2","abiotic_sediment/initialization/sNH4S","ammonium"
FALSE,"nitrogen","water","initial_conditions","initial_ammonium","GOTM-WET","sNH4W",0.05,0.04,0.06,0.05,FALSE,"g/m3","abiotic_water/initialization/sNH4W","ammonium"
FALSE,"nitrogen","sediment","initial_conditions","initial_humus","GOTM-WET","sNS",166,132.8,199.2,166,FALSE,"g/m2","humus/initialization/sNS","humus N"
FALSE,"nitrogen","sediment","initial_conditions","initial_nitrate","GOTM-WET","sNO3S",0.025,0.02,0.03,0.025,FALSE,"g/m2","abiotic_sediment/initialization/sNO3S","nitrate"
FALSE,"nitrogen","water","initial_conditions","initial_nitrate","GOTM-WET","sNO3W",0.5,0.4,0.6,0.5,FALSE,"g/m3","abiotic_water/initialization/sNO3W","nitrate"
FALSE,"nitrogen","sediment","initial_conditions","initial_pom","GOTM-WET","sNS",60,48,72,60,FALSE,"g/m2","POM/initialization/sNS","particulate organic N"
FALSE,"nitrogen","water","initial_conditions","initial_pom","GOTM-WET","sNW",0.01,0.008,0.012,0.01,FALSE,"g/m3","POM/initialization/sNW","particulate organic N"
FALSE,"phytoplankton","water","vertical_movement","vertical_velocity","GOTM-Selmaprotbas","vert_vel_nutrient",0,0,0,0,FALSE,"m d-1","{group_name}/parameters/vert_vel_nutrient","vertical velocity at nutrient limitation below buoy_nutrient_limit;  if buoyancy_regulation = true"
FALSE,"oxygen","sediment","water_sediment_exchange","sediment_flux","GLM-AED2","Ksed_oxy",6.8,5.44,8.16,6.8,FALSE,"mmol m-3","aed2_oxygen/Ksed_oxy","half-saturation concentration of oxygen sediment flux"
FALSE,"oxygen","sediment","water_sediment_exchange","sediment_flux","SIMSTRAT-AED2","Ksed_oxy",6.8,5.44,8.16,6.8,FALSE,"mmol m-3","aed2_oxygen/Ksed_oxy","half-saturation concentration of oxygen sediment flux"
FALSE,"macrophytes","sediment","initial_conditions","initial_macrophytes","GOTM-WET","sP",0.002,0.0016,0.0024,0.002,FALSE,"gP/m2","{group_name}/initialization/sP","P"
FALSE,"zoobenthos","sediment","initial_conditions","initial_zoobenthos","GOTM-WET","sP",0.003,0.0024,0.0036,0.003,FALSE,"gP/m2","{group_name}/initialization/sP","P"
FALSE,"macrophytes","sediment","initial_conditions","initial_macrophytes","GOTM-WET","sP_PV",0.002,0.0016,0.0024,0.002,FALSE,"gDW/m2","{group_name}/initialization/sP_PV","P pel. var"
FALSE,"zoobenthos","sediment","initial_conditions","initial_zoobenthos","GOTM-WET","sP_PV",0.003,0.0024,0.0036,0.003,FALSE,"gDW/m2","{group_name}/initialization/sP_PV","P pel. var"
FALSE,"phosphorus","sediment","initial_conditions","initial_pim","GOTM-WET","sPAIMS",2,1.6,2.4,2,FALSE,"g/m2","abiotic_sediment/initialization/sPAIMS","absorbed phosphate"
FALSE,"phosphorus","water","initial_conditions","initial_pim","GOTM-WET","sPAIMW",0,0,0,0,FALSE,"g/m3","abiotic_water/initialization/sPAIMW","IM-adsorbed P"
FALSE,"zooplankton","water","initial_conditions","initial_zoo","GOTM-Selmaprotbas","c",0.006625,0.0053,0.00795,0.006625,FALSE,"mmol C m-3","{group_name}/initialization/c","Initial concentration of zooplankton"
FALSE,"zooplankton","water","initial_conditions","minimum_concentration","GOTM-Selmaprotbas","c0",0,0,0,0,FALSE,"mmol C m-3","{group_name}/parameters/c0","background concentration"
FALSE,"zooplankton","water","grazing","grazing_rate","GLM-AED2","Rgrz_zoo",1,0.8,1.2,1,FALSE,"d-1","zoop_params/zoop_param%Rgrz_zoo","OM"
FALSE,"zooplankton","water","grazing","grazing_rate","SIMSTRAT-AED2","Rgrz_zoo",1,0.8,1.2,1,FALSE,"d-1","zoop_params/zoop_param%Rgrz_zoo","OM"
FALSE,"phosphorus","sediment","initial_conditions","initial_dom","GOTM-WET","sPS",0.01,0.008,0.012,0.01,FALSE,"g/m2","DOM/initialization/sPS","dissolved organic P"
FALSE,"phosphorus","water","initial_conditions","initial_dom","GOTM-WET","sPW",0.001,8e-04,0.0012,0.001,FALSE,"g/m3","DOM/initialization/sPW","dissolved organic P"
FALSE,"zooplankton","water","grazing","grazing_rate","GOTM-Selmaprotbas","graz",0.5,0.4,0.6,0.5,FALSE,"d-1","{group_name}/parameters/graz","grazing rate"
FALSE,"phosphorus","sediment","initial_conditions","initial_humus","GOTM-WET","sPS",10,8,12,10,FALSE,"g/m2","POM/initialization/sPS","humus P"
FALSE,"phosphorus","sediment","initial_conditions","initial_phosphate","GOTM-WET","sPO4S",0.02,0.016,0.024,0.02,FALSE,"g/m2","abiotic_sediment/initialization/sPO4S","phosphate"
FALSE,"zooplankton","water","grazing","grazing_rate","GOTM-Selmaprotbas","iv",0.27341,0.218728,0.328092,0.27341,FALSE,"(mmol C m-3)-2","{group_name}/parameters/iv","Ivlev constant; quadratic"
FALSE,"phosphorus","water","initial_conditions","initial_phosphate","GOTM-WET","sPO4W",0.1,0.08,0.12,0.1,FALSE,"g/m3","abiotic_water/initialization/sPO4W","phosphate"
FALSE,"phosphorus","sediment","initial_conditions","initial_pom","GOTM-WET","sPS",16,12.8,19.2,16,FALSE,"g/m2","humus/initialization/sPS","particulate organic P"
FALSE,"phosphorus","water","initial_conditions","initial_pom","GOTM-WET","sPW",0.001,8e-04,0.0012,0.001,FALSE,"g/m3","POM/initialization/sPW","particulate organic P"
FALSE,"phytoplankton","water","vertical_movement","vertical_velocity","GOTM-Selmaprotbas","vert_vel_temp",0,0,0,0,FALSE,"m d-1","{group_name}/parameters/vert_vel_temp","vertical velocity at temperatures below buoy_temp_limit;  if buoyancy_regulation = true"
FALSE,"zooplankton","water","grazing","prey_identity","GOTM-Selmaprotbas","nprey",1,0.8,1.2,1,FALSE,"(integer)","{group_name}/parameters/nprey","number of prey"
FALSE,"phytoplankton","water","vertical_movement","vertical_velocity","GOTM-Selmaprotbas","vert_vel1",-0.3,-0.24,-0.36,-0.3,FALSE,"m d-1","{group_name}/parameters/vert_vel1","rate of vertical movement above par_limit1;  if buoyancy_regulation = true"
FALSE,"silicon","sediment","initial_conditions","initial_silicon","GOTM-WET","sSiO2S",0.1,0.08,0.12,0.1,FALSE,"g/m2","abiotic_sediment/initialization/sSiO2S","dissolved SiO2"
FALSE,"silicon","water","initial_conditions","initial_silicon","GOTM-WET","sSiO2W",3.5,2.8,4.2,3.5,FALSE,"g/m3","abiotic_water/initialization/sSiO2W","silica dioxide"
FALSE,"zooplankton","water","respiration","respiration_rate","GOTM-Selmaprotbas","nue",0.001509,0.0012072,0.0018108,0.001509,FALSE,"m3 d-1 mmol C-1","{group_name}/parameters/nue","respiration rate"
FALSE,"silicon","sediment","initial_conditions","initial_pom","GOTM-WET","sSiPaS",14,11.2,16.8,14,FALSE,"g/m2","abiotic_sediment/initialization/sSiPaS","particulate Si"
FALSE,"silicon","water","initial_conditions","initial_pom","GOTM-WET","sSiPaW",0.025,0.02,0.03,0.025,FALSE,"g/m3","abiotic_water/initialization/sSiPaW","particulate Si"
FALSE,"zooplankton","water","grazing","preference","GOTM-Selmaprotbas","pref{prey_num}",1,0.8,1.2,1,FALSE,"-","{group_name}/parameters/pref{prey_num}","preference for prey number x"
FALSE,"zooplankton","water","stoichiometry","nitrogen_ratio","GOTM-Selmaprotbas","rfn",0.150943,0.1207544,0.1811316,0.150943,FALSE,"-","{group_name}/parameters/rfn","nitrogen : carbon ratio (mol N/mol C)"
FALSE,"carbon","water","noncohesive","tracer","GLM-AED2","num_ss",1,0.8,1.2,1,FALSE,"?","aed2_noncohesive/num_ss","Tracer"
FALSE,"carbon","water","noncohesive","tracer","SIMSTRAT-AED2","num_ss",1,0.8,1.2,1,FALSE,"?","aed2_noncohesive/num_ss","Tracer"
FALSE,"zooplankton","water","stoichiometry","phosphorus_ratio","GOTM-Selmaprotbas","rfr",0.009434,0.0075472,0.0113208,0.009434,FALSE,"-","{group_name}/parameters/rfr","phosphorus : carbon ratio (mol P/mol C)"
FALSE,"nitrogen","water","water_atmosphere_exchange","ammonium","GOTM-WET","tNDepoNH4",0,0,0,0,FALSE,"g/m2/d","abiotic_water/parameters/tNDepoNH4","ammonium deposition"
FALSE,"zooplankton","water","stoichiometry","silica_ratio","GOTM-Selmaprotbas","rfs",0,0,0,0,FALSE,"-","{group_name}/parameters/rfs","silica : carbon ratio (mol Si/mol C)"
FALSE,"nitrogen","water","water_atmosphere_exchange","nitrate","GOTM-WET","tNDepoNO3",0,0,0,0,FALSE,"g/m2/d","abiotic_water/parameters/tNDepoNO3","nitrate deposition"
FALSE,"zooplankton","water","mortality","mortality_rate","GOTM-Selmaprotbas","sigma_b",0.004528,0.0036224,0.0054336,0.004528,FALSE,"m3 d-1 mmol C-1","{group_name}/parameters/sigma_b","mortality rate"
FALSE,"zooplankton","water","grazing","grazing_rate","GOTM-Selmaprotbas","toptz",20,16,24,20,FALSE,"degC","{group_name}/parameters/toptz","optimal temperature for grazing"
FALSE,"phosphorus","water","water_atmosphere_exchange","phosphate","GOTM-WET","tPDepoPO4",0,0,0,0,FALSE,"g/m2/d","abiotic_water/parameters/tPDepoPO4","phosphate deposition"
FALSE,"zooplankton","water","initial_conditions","initial_zoop","GLM-AED2","zoop_initial ",2.9,2.32,3.48,2.9,FALSE,"mmol/m3","zoop_params/zoop_param%zoop_initial ","State variable name for zooplankton prey"
FALSE,"zooplankton","water","initial_conditions","initial_zoop","SIMSTRAT-AED2","zoop_initial ",2.9,2.32,3.48,2.9,FALSE,"mmol/m3","zoop_params/zoop_param%zoop_initial ","State variable name for zooplankton prey"
FALSE,"zooplankton","water","initial_conditions","minimum_concentration","GLM-AED2","min_zoo",0.1,0.08,0.12,0.1,FALSE,"mmol/m3","zoop_params/zoop_param%min_zoo","Minimum concentration of zooplankton"
FALSE,"zooplankton","water","initial_conditions","minimum_concentration","SIMSTRAT-AED2","min_zoo",0.1,0.08,0.12,0.1,FALSE,"mmol/m3","zoop_params/zoop_param%min_zoo","Minimum concentration of zooplankton"
FALSE,"zooplankton","water","grazing","assimilation_efficiency","GLM-AED2","fassim_zoo",0.9,0.72,1.08,0.9,FALSE,"-","zoop_params/zoop_param%fassim_zoo","Assimilation efficiency for zooplankton grazing "
FALSE,"zooplankton","water","grazing","assimilation_efficiency","SIMSTRAT-AED2","fassim_zoo",0.9,0.72,1.08,0.9,FALSE,"-","zoop_params/zoop_param%fassim_zoo","Assimilation efficiency for zooplankton grazing "
FALSE,"zooplankton","water","grazing","grazing_rate","GLM-AED2","Kgrz_zoo",41.7,33.36,50.04,41.7,FALSE,"mmol/m3","zoop_params/zoop_param%Kgrz_zoo","Half saturation constant for zooplankton grazing"
FALSE,"zooplankton","water","grazing","grazing_rate","SIMSTRAT-AED2","Kgrz_zoo",41.7,33.36,50.04,41.7,FALSE,"mmol/m3","zoop_params/zoop_param%Kgrz_zoo","Half saturation constant for zooplankton grazing"
FALSE,"zooplankton","water","grazing","grazing_rate","GLM-AED2","theta_grz_zoo",1.07,0.856,1.284,1.07,FALSE,"-","zoop_params/zoop_param%theta_grz_zoo","Temperature multiplier for zooplankton grazing"
FALSE,"zooplankton","water","grazing","grazing_rate","SIMSTRAT-AED2","theta_grz_zoo",1.07,0.856,1.284,1.07,FALSE,"-","zoop_params/zoop_param%theta_grz_zoo","Temperature multiplier for zooplankton grazing"
FALSE,"zooplankton","water","respiration","respiration_rate","GLM-AED2","Rresp_zoo",0.1,0.08,0.12,0.1,FALSE," /day","zoop_params/zoop_param%Rresp_zoo","Respiration rate coefficient"
FALSE,"zooplankton","water","respiration","respiration_rate","SIMSTRAT-AED2","Rresp_zoo",0.1,0.08,0.12,0.1,FALSE," /day","zoop_params/zoop_param%Rresp_zoo","Respiration rate coefficient"
FALSE,"zooplankton","water","mortality","mortality_rate","GLM-AED2","Rmort_zoo ",0.01,0.008,0.012,0.01,FALSE,"","zoop_params/zoop_param%Rmort_zoo ","Mortaility rate coefficient"
FALSE,"zooplankton","water","mortality","mortality_rate","SIMSTRAT-AED2","Rmort_zoo ",0.01,0.008,0.012,0.01,FALSE,"","zoop_params/zoop_param%Rmort_zoo ","Mortaility rate coefficient"
FALSE,"zooplankton","water","fecalPellet fraction","fecal_pellet ratio","GLM-AED2","ffecal_zoo",0.1,0.08,0.12,0.1,FALSE,"","zoop_params/zoop_param%ffecal_zoo","Fecal Pellet fraction of respiration"
FALSE,"zooplankton","water","fecalPellet fraction","fecal_pellet ratio","SIMSTRAT-AED2","ffecal_zoo",0.1,0.08,0.12,0.1,FALSE,"","zoop_params/zoop_param%ffecal_zoo","Fecal Pellet fraction of respiration"
FALSE,"zooplankton","water","excretion","excretion_rate","GLM-AED2","fexcr_zoo",0.7,0.56,0.84,0.7,FALSE,"","zoop_params/zoop_param%fexcr_zoo","Excretion fraction of respiration"
FALSE,"zooplankton","water","excretion","excretion_rate","SIMSTRAT-AED2","fexcr_zoo",0.7,0.56,0.84,0.7,FALSE,"","zoop_params/zoop_param%fexcr_zoo","Excretion fraction of respiration"
FALSE,"zooplankton","water","fecalPellet fraction","fecal_pellet ratio","GLM-AED2","ffecal_sed",0.15,0.12,0.18,0.15,FALSE,"","zoop_params/zoop_param%ffecal_sed","Fraction of fecal pellets that sink directly to sediments (hard fraction)"
FALSE,"zooplankton","water","fecalPellet fraction","fecal_pellet ratio","SIMSTRAT-AED2","ffecal_sed",0.15,0.12,0.18,0.15,FALSE,"","zoop_params/zoop_param%ffecal_sed","Fraction of fecal pellets that sink directly to sediments (hard fraction)"
FALSE,"zooplankton","water","respiration","respiration_rate","GLM-AED2","theta_resp_zoo",1.07,0.856,1.284,1.07,FALSE,"","zoop_params/zoop_param%theta_resp_zoo","Temperature multiplier for zooplankton respiration "
FALSE,"zooplankton","water","respiration","respiration_rate","SIMSTRAT-AED2","theta_resp_zoo",1.07,0.856,1.284,1.07,FALSE,"","zoop_params/zoop_param%theta_resp_zoo","Temperature multiplier for zooplankton respiration "
FALSE,"zooplankton","water","growth","temperature_limitation","GLM-AED2","Tstd_zoo",20,16,24,20,FALSE,"oC","zoop_params/zoop_param%Tstd_zoo","Standard temperature for zooplankton respiration temperature dependence"
FALSE,"zooplankton","water","growth","temperature_limitation","SIMSTRAT-AED2","Tstd_zoo",20,16,24,20,FALSE,"oC","zoop_params/zoop_param%Tstd_zoo","Standard temperature for zooplankton respiration temperature dependence"
FALSE,"zooplankton","water","growth","temperature_limitation","GLM-AED2","Topt_zoo",22,17.6,26.4,22,FALSE,"oC","zoop_params/zoop_param%Topt_zoo","Optimal temperature for zooplankton temperature dependence"
FALSE,"zooplankton","water","growth","temperature_limitation","SIMSTRAT-AED2","Topt_zoo",22,17.6,26.4,22,FALSE,"oC","zoop_params/zoop_param%Topt_zoo","Optimal temperature for zooplankton temperature dependence"
FALSE,"zooplankton","water","growth","temperature_limitation","GLM-AED2","Tmax_zoo",30,24,36,30,FALSE,"","zoop_params/zoop_param%Tmax_zoo","Maximum temperature for zooplankton temperature dependence"
FALSE,"zooplankton","water","growth","temperature_limitation","SIMSTRAT-AED2","Tmax_zoo",30,24,36,30,FALSE,"","zoop_params/zoop_param%Tmax_zoo","Maximum temperature for zooplankton temperature dependence"
FALSE,"zooplankton","water","mortality","salt_limitation","GLM-AED2","saltfunc_zoo",1,0.8,1.2,1,FALSE,"","zoop_params/zoop_param%saltfunc_zoo","Type of salinity limitation function used in mortality"
FALSE,"zooplankton","water","mortality","salt_limitation","SIMSTRAT-AED2","saltfunc_zoo",1,0.8,1.2,1,FALSE,"","zoop_params/zoop_param%saltfunc_zoo","Type of salinity limitation function used in mortality"
FALSE,"zooplankton","water","growth","salt_limitation","GLM-AED2","Smin_zoo",0,0,0,0,FALSE,"psu","zoop_params/zoop_param%Smin_zoo","Minimum salinity for zooplankton survival"
FALSE,"zooplankton","water","growth","salt_limitation","SIMSTRAT-AED2","Smin_zoo",0,0,0,0,FALSE,"psu","zoop_params/zoop_param%Smin_zoo","Minimum salinity for zooplankton survival"
FALSE,"zooplankton","water","growth","salt_limitation","GLM-AED2","Smax_zoo",35,28,42,35,FALSE,"psu","zoop_params/zoop_param%Smax_zoo","Maximum salinity for zooplankton survival"
FALSE,"zooplankton","water","growth","salt_limitation","SIMSTRAT-AED2","Smax_zoo",35,28,42,35,FALSE,"psu","zoop_params/zoop_param%Smax_zoo","Maximum salinity for zooplankton survival"
FALSE,"zooplankton","water","growth","salt_limitation","GLM-AED2","Sint_zoo",10,8,12,10,FALSE,"psu","zoop_params/zoop_param%Sint_zoo","Intercept for salinity = 0 "
FALSE,"zooplankton","water","growth","salt_limitation","SIMSTRAT-AED2","Sint_zoo",10,8,12,10,FALSE,"psu","zoop_params/zoop_param%Sint_zoo","Intercept for salinity = 0 "
FALSE,"zooplankton","water","stoichiometry","nitrogen_carbon","GLM-AED2","INC_zoo",0.2,0.16,0.24,0.2,FALSE,"","zoop_params/zoop_param%INC_zoo","Ratio of internal nitrogen to carbon"
FALSE,"zooplankton","water","stoichiometry","nitrogen_carbon","SIMSTRAT-AED2","INC_zoo",0.2,0.16,0.24,0.2,FALSE,"","zoop_params/zoop_param%INC_zoo","Ratio of internal nitrogen to carbon"
FALSE,"zooplankton","water","stoichiometry","phoshorus_carbon","GLM-AED2","IPC_zoo",0.01,0.008,0.012,0.01,FALSE,"","zoop_params/zoop_param%IPC_zoo","Ratio of internal phosphorus to carbon"
FALSE,"zooplankton","water","stoichiometry","phoshorus_carbon","SIMSTRAT-AED2","IPC_zoo",0.01,0.008,0.012,0.01,FALSE,"","zoop_params/zoop_param%IPC_zoo","Ratio of internal phosphorus to carbon"
FALSE,"zooplankton","water","respiration","respiration_rate","GLM-AED2","DOmin_zoo",10,8,12,10,FALSE,"mmolO2/m3","zoop_params/zoop_param%DOmin_zoo","Minimum concentration of oxygen for zooplankton survival"
FALSE,"zooplankton","water","respiration","respiration_rate","SIMSTRAT-AED2","DOmin_zoo",10,8,12,10,FALSE,"mmolO2/m3","zoop_params/zoop_param%DOmin_zoo","Minimum concentration of oxygen for zooplankton survival"
FALSE,"zooplankton","water","grazing","minimum_grazing","GLM-AED2","Cmin_grz_zoo",0.05,0.04,0.06,0.05,FALSE,"mmol/m3","zoop_params/zoop_param%Cmin_grz_zoo","Minumum prey concentration for grazing by zooplankton"
FALSE,"zooplankton","water","grazing","minimum_grazing","SIMSTRAT-AED2","Cmin_grz_zoo",0.05,0.04,0.06,0.05,FALSE,"mmol/m3","zoop_params/zoop_param%Cmin_grz_zoo","Minumum prey concentration for grazing by zooplankton"
FALSE,"zooplankton","water","grazing","prey_identity","GLM-AED2","num_prey ",3,2.4,3.6,3,FALSE,"","zoop_params/zoop_param%num_prey ","Number of state variables for zooplankton prey"
FALSE,"zooplankton","water","grazing","prey_identity","SIMSTRAT-AED2","num_prey ",3,2.4,3.6,3,FALSE,"","zoop_params/zoop_param%num_prey ","Number of state variables for zooplankton prey"
FALSE,"zooplankton","water","grazing","preference","GLM-AED2","Pzoo_prey",0.4,0.32,0.48,0.4,FALSE,"","zoop_params/zoop_param%prey(1)%Pzoo_prey","Preference factors for zooplankton predators grazing on prey"
FALSE,"zooplankton","water","grazing","preference","SIMSTRAT-AED2","Pzoo_prey",0.4,0.32,0.48,0.4,FALSE,"","zoop_params/zoop_param%prey(1)%Pzoo_prey","Preference factors for zooplankton predators grazing on prey"
FALSE,"zooplankton","water","grazing","preference","GLM-AED2","Pzoo_prey",0.4,0.32,0.48,0.4,FALSE,"","zoop_params/zoop_param%prey(2)%Pzoo_prey","Preference factors for zooplankton predators grazing on prey"
FALSE,"zooplankton","water","grazing","preference","SIMSTRAT-AED2","Pzoo_prey",0.4,0.32,0.48,0.4,FALSE,"","zoop_params/zoop_param%prey(2)%Pzoo_prey","Preference factors for zooplankton predators grazing on prey"
FALSE,"zooplankton","water","grazing","preference","GLM-AED2","Pzoo_prey",0.2,0.16,0.24,0.2,FALSE,"","zoop_params/zoop_param%prey(3)%Pzoo_prey","Preference factors for zooplankton predators grazing on prey"
FALSE,"zooplankton","water","grazing","preference","SIMSTRAT-AED2","Pzoo_prey",0.2,0.16,0.24,0.2,FALSE,"","zoop_params/zoop_param%prey(3)%Pzoo_prey","Preference factors for zooplankton predators grazing on prey"
FALSE,"zooplankton","water","grazing","assimilation_efficiency","GOTM-WET","cClearPrey{prey_num}",2,1.6,2.4,2,FALSE,"m3/gDW/d","{group_name}/parameters/cClearPrey{prey_num}","clearance rate for prey 1, default = 2.0"
FALSE,"zooplankton","water","initial_conditions","minimum_concentration","GOTM-WET","cDMinZoo",1e-05,8e-06,1.2e-05,1e-05,FALSE,"gDW/m3","{group_name}/parameters/cDMinZoo","minimum DW concentration, default = 0.00001"
FALSE,"zooplankton","water","growth","carrying_capacity","GOTM-WET","cDCarrZoo",25,20,30,25,FALSE,"gDW/m3","{group_name}/parameters/cDCarrZoo","carrying capacity, default = 25.0"
FALSE,"zooplankton","water","vertical_movement","","GOTM-WET","cMaxLight",40,32,48,40,FALSE,"W/m2","{group_name}/parameters/cMaxLight","qtrans = 3; light level triggering downwards swimming, default = 40.0"
FALSE,"zooplankton","water","vertical_movement","","GOTM-WET","cMinLight",40,32,48,40,FALSE,"W/m2","{group_name}/parameters/cMinLight","qtrans = 3; light level triggering upwards swimming, default = 40.0"
FALSE,"zooplankton","water","vertical_movement","","GOTM-WET","cMinO2",2,1.6,2.4,2,FALSE,"gO2/m3","{group_name}/parameters/cMinO2","qtrans > 1; oxygen conc. limit, default = 2.0"
FALSE,"zooplankton","water","growth","nutrient_ratio","GOTM-WET","cNDRef",0.07,0.056,0.084,0.07,FALSE,"mgN/mgDW","{group_name}/parameters/cNDRef","reference N/DW-ratio(mgN/mgDW), default = 0.07"
FALSE,"zooplankton","water","growth","nutrient_ratio","GOTM-WET","cPDRef",0.01,0.008,0.012,0.01,FALSE,"mgP/mgDW","{group_name}/parameters/cPDRef","reference P/DW-ratio(mgP/mgDW), default = 0.01"
FALSE,"zooplankton","water","growth","nutrient_ratio","GOTM-WET","cCDRef",0.45,0.36,0.54,0.45,FALSE,"mgP/mgDW","{group_name}/parameters/cCDRef","reference C/DW-ratio(mgP/mgDW), default = 0.45"
FALSE,"zooplankton","water","grazing","temperature_limitation","GOTM-WET","cSigTmZoo",13,10.4,15.6,13,FALSE,"C","{group_name}/parameters/cSigTmZoo","temperature constant; sigma in Gaussian curve(*C), default = 13.0"
FALSE,"zooplankton","water","grazing","temperature_limitation","GOTM-WET","cTmOptZoo",22,17.6,26.4,22,FALSE,"C","{group_name}/parameters/cTmOptZoo","optimum temperature(*C), default = 22.0"
FALSE,"zooplankton","water","vertical_movement","","GOTM-WET","cVswim",15,12,18,15,FALSE,"m/d","{group_name}/parameters/cVswim","qtrans > 1; vertical migration speed(m/d), default = 15.0"
FALSE,"zooplankton","water","grazing","assimilation_efficiency","GOTM-WET","fDAssZoo",0.35,0.28,0.42,0.35,FALSE,"-","{group_name}/parameters/fDAssZoo","dry weight assimilation efficiency(-), default = 0.35"
FALSE,"zooplankton","water","grazing","egestation","GOTM-WET","fDissEgesZoo",0.25,0.2,0.3,0.25,FALSE,"-","{group_name}/parameters/fDissEgesZoo","soluble inorg. nutrient fraction of egested food(-), default = 0.25"
FALSE,"zooplankton","water","mortality","nutrient_ratio","GOTM-WET","fDissMortZoo",0.1,0.08,0.12,0.1,FALSE,"-","{group_name}/parameters/fDissMortZoo","soluble inorg. nutrient fraction of dead ind.(-), default = 0.1"
FALSE,"zooplankton","water","grazing","assimilation_efficiency","GOTM-WET","fGutOccPrey{prey_num}",1,0.8,1.2,1,FALSE,"-","{group_name}/parameters/fGutOccPrey{prey_num}","gut occupation factor for prey 1 (-), default = 1.0"
FALSE,"zooplankton","water","mortality","dom_ratio","GOTM-WET","fZooDOMW",0.35,0.28,0.42,0.35,FALSE,"-","{group_name}/parameters/fZooDOMW","DOM fraction of dead individuals(-), default = 0.35"
FALSE,"zooplankton","water","growth","standart_weight","GOTM-WET","kDConsMaxZoo",0.5,0.4,0.6,0.5,FALSE,"gDW/gDW/d","{group_name}/parameters/kDConsMaxZoo","standard dry weight specific maximum consumption rate(gDW/gDW/d), default = 0.5"
FALSE,"zooplankton","water","respiration","respiration_rate","GOTM-WET","kDRespZoo",0.2,0.16,0.24,0.2,FALSE,"1/d","{group_name}/parameters/kDRespZoo","maintenance respiration rate at 20*C(1/d), default = 0.2"
FALSE,"zooplankton","water","mortality","mortality_rate","GOTM-WET","kMortZoo",0.04,0.032,0.048,0.04,FALSE,"1/d","{group_name}/parameters/kMortZoo","mortality rate(1/d), default = 0.04"
FALSE,"zooplankton","water","grazing","food_items","GOTM-WET","nPrey",1,0.8,1.2,1,FALSE,"-","{group_name}/parameters/nPrey","number of prey types(-), default = 1"
FALSE,"zooplankton","water","","","GOTM-WET","qODB",1,0.8,1.2,1,FALSE,"","{group_name}/parameters/qODB","toggle optimal diet breadth"
FALSE,"zooplankton","water","vertical_movement","","GOTM-WET","qTrans",2,1.6,2.4,2,FALSE,"","{group_name}/parameters/qTrans","vert. trans. method"
FALSE,"zooplankton","water","initial_conditions","initial_zooplankton","GOTM-WET","sD",0.05,0.04,0.06,0.05,FALSE,"gDW/m3","{group_name}/initialization/sD","DW"
FALSE,"zooplankton","water","initial_conditions","initial_zooplankton","GOTM-WET","sN",0.0035,0.0028,0.0042,0.0035,FALSE,"gN/m3","{group_name}/initialization/sN","N (gN/m3)"
FALSE,"zooplankton","water","initial_conditions","initial_zooplankton","GOTM-WET","sP",5e-04,4e-04,6e-04,5e-04,FALSE,"gP/m3","{group_name}/initialization/sP","P (gP/m3)"
FALSE,"zooplankton","water","initial_conditions","initial_zooplankton","GOTM-WET","sC",0.02,0.016,0.024,0.02,FALSE,"","{group_name}/initialization/sC",""
FALSE,"fish","water","initial_conditions","initial_fish","GOTM-WET","sD",0.25,0.2,0.3,0.25,FALSE,"gDW/m3","{group_name}/initialization/sD","DW"
FALSE,"fish","water","initial_conditions","initial_fish","GOTM-WET","sN",0.025,0.02,0.03,0.025,FALSE,"gN/m3","{group_name}/initialization/sN","N"
FALSE,"fish","water","initial_conditions","initial_fish","GOTM-WET","sP",0.0055,0.0044,0.0066,0.0055,FALSE,"gP/m3","{group_name}/initialization/sP","P"
FALSE,"fish","water","vertical_movement","vertical_velocity","GOTM-WET","Vswim",15,12,18,15,FALSE,"m/d","{group_name}/parameters/Vswim","qTrans > 1; vertical migration speed"
FALSE,"fish","water","feeding","preference","GOTM-WET","ZOOpref1",1,0.8,1.2,1,FALSE,"-","{group_name}/parameters/ZOOpref1","preference factor for zooplankton prey 1"
FALSE,"fish","water","feeding","preference","GOTM-WET","ZOOpref2",1,0.8,1.2,1,FALSE,"","{group_name}/parameters/ZOOpref2","preference factor for zooplankton prey 2"
FALSE,"fish","water","growth","carrying_capacity","GOTM-WET","cDCarrFish",15,12,18,15,FALSE,"gDW/m3","{group_name}/parameters/cDCarrFish","carrying capacity"
FALSE,"fish","water","migration","external_density","GOTM-WET","cDFiIn",0.005,0.004,0.006,0.005,FALSE,"gDW/m3","{group_name}/parameters/cDFiIn","external density"
FALSE,"fish","water","initial_conditions","minimum_concentration","GOTM-WET","cDFiMin",1e-05,8e-06,1.2e-05,1e-05,FALSE,"gDW/m3","{group_name}/parameters/cDFiMin","minimum DW density"
FALSE,"fish","water","ageing","phenology","GOTM-WET","cDayAgeFish",360,288,432,360,FALSE,"day of the year","{group_name}/parameters/cDayAgeFish","qStageOpt = 2 or 3; aging day of year for fis"
FALSE,"fish","water","reproduction","phenology","GOTM-WET","cDayReprFish",120,96,144,120,FALSE,"day of the year","{group_name}/parameters/cDayReprFish","qStageOpt = 1 or 3; reproduction"
FALSE,"fish","water","vertical_movement","equation_options_vertical_velocity","GOTM-WET","cMinLight",50,40,60,50,FALSE,"W/m2","{group_name}/parameters/cMinLight","qTrans = 3; light level triggering downwards swimming"
FALSE,"fish","water","vertical_movement","equation_options_vertical_velocity","GOTM-WET","cMinO2",2,1.6,2.4,2,FALSE,"gO2/m3","{group_name}/parameters/cMinO2","qtrans > 1; oxygen conc. limit"
FALSE,"fish","water","stoichiometry","nitrogen_ratio","GOTM-WET","cNDFishRef",0.1,0.08,0.12,0.1,FALSE,"mgN/mgDW","{group_name}/parameters/cNDFishRef","reference N/C ratio of fish"
FALSE,"fish","water","stoichiometry","phosphorus_ratio","GOTM-WET","cPDFishRef",0.022,0.0176,0.0264,0.022,FALSE,"mgP/mgDW","{group_name}/parameters/cPDFishRef","reference P/C ratio of fish"
FALSE,"fish","water","feeding","environment_correction","GOTM-WET","cRelVegZoo",0,0,0,0,FALSE,"","{group_name}/parameters/cRelVegZoo","decrease of fish feeding per macrophytes cove"
FALSE,"fish","water","feeding","temperature_limitation","GOTM-WET","cSigTmFish",10,8,12,10,FALSE,"","{group_name}/parameters/cSigTmFish","temperature constant of fish"
FALSE,"fish","water","feeding","temperature_limitation","GOTM-WET","cTmOptFish",25,20,30,25,FALSE,"*C","{group_name}/parameters/cTmOptFish","optimal temperature of zoo- and benthivorous fish"
FALSE,"fish","water","ageing","phenology","GOTM-WET","fAgeFish",0.5,0.4,0.6,0.5,FALSE,"1/d","{group_name}/parameters/fAgeFish","qStageOpt = 2 or 3; yearly maturation fraction"
FALSE,"fish","water","feeding","assimilation_efficiency","GOTM-WET","fDAssFi",0.4,0.32,0.48,0.4,FALSE,"-","{group_name}/parameters/fDAssFi","C assimilation efficiency of fish"
FALSE,"fish","water","stoichiometry","bone_fraction","GOTM-WET","fDBone",0.35,0.28,0.42,0.35,FALSE,"-","{group_name}/parameters/fDBone","fraction of fish C fixed in bones and scales"
FALSE,"fish","water","feeding","egestation","GOTM-WET","fDissEgesFish",0.25,0.2,0.3,0.25,FALSE,"-","{group_name}/parameters/fDissEgesFish","soluble nutrient frac. of fish egested food"
FALSE,"fish","water","mortality","nutrient_ratio","GOTM-WET","fDissMortFish",0.1,0.08,0.12,0.1,FALSE,"","{group_name}/parameters/fDissMortFish","soluble nutrient frac. of dead fish"
FALSE,"fish","water","feeding","dom_ratio","GOTM-WET","fFiDOMW",0,0,0,0,FALSE,"-","{group_name}/parameters/fFiDOMW","dissolved organic matter fraction from fish"
FALSE,"fish","water","feeding","zoobentivory_fraction ","GOTM-WET","fFishBen",0,0,0,0,FALSE,"-","{group_name}/parameters/fFishBen","zoobentivory time fraction"
FALSE,"fish","water","feeding","piscivory_fraction ","GOTM-WET","fFishPisc",0,0,0,0,FALSE,"-","{group_name}/parameters/fFishPisc","piscivory time fraction"
FALSE,"fish","water","feeding","zooplanktivory_fraction ","GOTM-WET","fFishZoo",1,0.8,1.2,1,FALSE,"-","{group_name}/parameters/fFishZoo","zooplanktivory time fraction"
FALSE,"fish","water","stoichiometry","bone_fraction","GOTM-WET","fPBone",0.5,0.4,0.6,0.5,FALSE,"-","{group_name}/parameters/fPBone","fraction of fish P fixed in bones and scales"
FALSE,"fish","water","reproduction","reproction_rate","GOTM-WET","fReprFish",0.02,0.016,0.024,0.02,FALSE,"1/d","{group_name}/parameters/fReprFish","qStageOpt = 1 or 3; yearly reproduction fraction"
FALSE,"fish","water","feeding","feeding_rate","GOTM-WET","hDZooFi",0.504480015,0.403584012,0.605376018,0.504480015,FALSE,"g/m3","{group_name}/parameters/hDZooFi","half-saturation zooplankton for zooplanktivory"
FALSE,"fish","water","feeding","assimilation_rate","GOTM-WET","kDAssFi",0.196838323,0.1574706584,0.2362059876,0.196838323,FALSE,"1/d","{group_name}/parameters/kDAssFi","maximum assimilation rate of fish at 20*C"
FALSE,"fish","water","respiration","respiration_rate","GOTM-WET","kDRespFi",0.01,0.008,0.012,0.01,FALSE,"1/d","{group_name}/parameters/kDRespFi","maintenance respiration constant of fish at 20*C"
FALSE,"fish","water","migration","migration_rate","GOTM-WET","kMigrFish",0.001,8e-04,0.0012,0.001,FALSE,"1/d","{group_name}/parameters/kMigrFish","fish migration rate"
FALSE,"fish","water","mortality","mortality_rate","GOTM-WET","kMortFi",0.001,8e-04,0.0012,0.001,FALSE,"1/d","{group_name}/parameters/kMortFi","specific mortality of fish"
FALSE,"fish","water","technical","","GOTM-WET","nKShares",0,0,0,0,FALSE,"-","{group_name}/parameters/nKShares","qStageOpt > 0; # of not-coupled other stages sharing carr. cap."
FALSE,"fish","water","feeding","zooplankton_items","GOTM-WET","nZOO",2,1.6,2.4,2,FALSE,"(integer)","{group_name}/parameters/nZOO","number of zooplankton prey"
FALSE,"fish","water","life_stages","equation_options_life_stages","GOTM-WET","qStageOpt",2,1.6,2.4,2,FALSE,"(integer)","{group_name}/parameters/qStageOpt","stage coupling method: 0=nothing; 1=repro.; 2=maturation; 3=both"
FALSE,"fish","water","vertical_movement","equation_options_vertical_velocity","GOTM-WET","qTrans",2,1.6,2.4,2,FALSE,"-","{group_name}/parameters/qTrans","vert. trans. method: 0=no trans.; 1=passive; 2=O2; 3=O2 & Light"
FALSE,"carbon","water","noncohesive","tracer","GLM-AED2","resuspension",1,0.8,1.2,1,FALSE,"?","aed2_noncohesive/resuspension","Tracer"
FALSE,"carbon","water","noncohesive","tracer","SIMSTRAT-AED2","resuspension",1,0.8,1.2,1,FALSE,"?","aed2_noncohesive/resuspension","Tracer"
FALSE,"carbon","water","noncohesive","tracer","GLM-AED2","ss_initial",1,0.8,1.2,1,FALSE,"?","aed2_noncohesive/ss_initial","Tracer"
FALSE,"carbon","water","noncohesive","tracer","SIMSTRAT-AED2","ss_initial",1,0.8,1.2,1,FALSE,"?","aed2_noncohesive/ss_initial","Tracer"
FALSE,"carbon","water","noncohesive","tracer","GLM-AED2","tau_r",1,0.8,1.2,1,FALSE,"?","aed2_noncohesive/tau_r","Tracer"
FALSE,"carbon","water","noncohesive","tracer","SIMSTRAT-AED2","tau_r",1,0.8,1.2,1,FALSE,"?","aed2_noncohesive/tau_r","Tracer"
FALSE,"carbon","water","noncohesive","tracer","GLM-AED2","settling",3,2.4,3.6,3,FALSE,"?","aed2_noncohesive/settling","Tracer"
FALSE,"carbon","water","noncohesive","tracer","SIMSTRAT-AED2","settling",3,2.4,3.6,3,FALSE,"?","aed2_noncohesive/settling","Tracer"
FALSE,"carbon","water","noncohesive","tracer","GLM-AED2","rho_ss",1500,1200,1800,1500,FALSE,"?","aed2_noncohesive/rho_ss","Tracer"
FALSE,"carbon","water","noncohesive","tracer","SIMSTRAT-AED2","rho_ss",1500,1200,1800,1500,FALSE,"?","aed2_noncohesive/rho_ss","Tracer"
FALSE,"nitrogen","sediment","mineralization","mineralization_nitrate","GOTM-Selmaprotbas","mbnnrate",0.1,0.08,0.12,0.1,FALSE,"-","selmaprotbas/parameters/mbnnrate","mineralization by nitrate rate relative to mineralization by oxygen (-), default = 0.1"
FALSE,"nitrogen","sediment","nitrification","nitrification_rate","GOTM-Selmaprotbas","nitrif_rate",0.1,0.08,0.12,0.1,FALSE,"d-1","selmaprotbas/parameters/nitrif_rate","nitrification rate (1/d), default = 0.1"
FALSE,"phytoplankton","water","vertical_movement","vertical_velocity","GOTM-Selmaprotbas","vert_vel2",-0.1,-0.08,-0.12,-0.1,FALSE,"m d-1","{group_name}/parameters/vert_vel2","rate of vertical movement below par_limit1 and above par_limit2;  if buoyancy_regulation = true"
FALSE,"phytoplankton","water","vertical_movement","vertical_velocity","GOTM-Selmaprotbas","vert_vel3",0,0,0,0,FALSE,"m d-1","{group_name}/parameters/vert_vel3","rate of vertical movement below par_limit2 and above par_limit3;  if buoyancy_regulation = true"
FALSE,"phytoplankton","water","vertical_movement","vertical_velocity","GOTM-Selmaprotbas","vert_vel4",0.1,0.08,0.12,0.1,FALSE,"m d-1","{group_name}/parameters/vert_vel4","rate of vertical movement below par_limit3;  if buoyancy_regulation = true"
FALSE,"phytoplankton","water","vertical_movement","vertical_velocity","GOTM-Selmaprotbas","wz",0,0,0,0,FALSE,"m d-1","{group_name}/parameters/wz","Vertical velocity (negative is downwards)"
FALSE,"phytoplankton","water","stoichiometry","chlorophyll_ratio","GOTM-Selmaprotbas","Yc",6.25,5,7.5,6.25,FALSE,"mmol C/mg Chl a","{group_name}/parameters/Yc","carbon : chlorophyll a ratio"
FALSE,"zooplankton","water","mortality","mortality_rate","GOTM-Selmaprotbas","zcl1",50,40,60,50,FALSE,"-","{group_name}/parameters/zcl1","closure parameter"
FALSE,"oxygen","water","oxygen","min_oxygen","GLM-AED2","oxy_min",0,0,0,0,FALSE,"mmol O2 m-3","aed2_oxygen/oxy_min","-"
FALSE,"oxygen","water","oxygen","min_oxygen","SIMSTRAT-AED2","oxy_min",0,0,0,0,FALSE,"mmol O2 m-3","aed2_oxygen/oxy_min","-"
FALSE,"oxygen","water","water_atmosphere_exchange","piston_velocity","GOTM-Selmaprotbas","o2pvel_method",2,1.6,2.4,2,FALSE,"-","selmaprotbas/parameters/o2pvel_method","method to calculate piston velocity (1=user-defined parameter; 2=Liss & Merlivat; 3=Cole & Caroco, fresh; 4=Cole & Caroco, salt; 5=iHAMOCC model), default = 2"
FALSE,"oxygen","water","water_atmosphere_exchange","piston_velocity","GOTM-Selmaprotbas","o2sat_method",1,0.8,1.2,1,FALSE,"-","selmaprotbas/parameters/o2sat_method","method to calculate oxygen saturation concentration (1=Weiss; 2=Helcom polynomial; 3=seawater temperature only), default = 1"
FALSE,"oxygen","water","water_atmosphere_exchange","piston_velocity","GOTM-Selmaprotbas","o2corr_method",0,0,0,0,FALSE,"-","selmaprotbas/parameters/o2corr_method","correct oxygen saturation for pressure (0=not used; 1=elevation-based; 2=pressure-based), default = 0"
FALSE,"nitrogen","sediment","denitrification","denitrification","GOTM-Selmaprotbas","den_frac_denanmx",1,0.8,1.2,1,FALSE,"-","selmaprotbas/parameters/den_frac_denanmx","relative contribution of denitrification out of total denitrification + anammox (-), default = 1.0"
FALSE,"nitrogen","sediment","denitrification","denitrification","GOTM-Selmaprotbas","den_frac_denanmx_sed",1,0.8,1.2,1,FALSE,"-","selmaprotbas/parameters/den_frac_denanmx_sed","relative contribution of denitrification out of total denitrification + anammox in sediment (-), default = 1.0"
FALSE,"oxygen","water","water_atmosphere_exchange","","GOTM-Selmaprotbas","elevation",0,0,0,0,FALSE,"m.a.s.l","selmaprotbas/parameters/elevation","elevation of the surface in meters above sea level, only used if o2corr_method=1 (m.a.s.l), default = 0.0"
FALSE,"phytoplankton","water","excretion","DOM_excretion","GOTM-Selmaprotbas","f_diss",0.2,0.16,0.24,0.2,FALSE,"-","{group_name}/parameters/f_diss","fraction of phytoplankton biomass that is dissolved, only used if couple_dom=true (-), default = 0.2"
FALSE,"dom","water","respiration","respiration","GOTM-Selmaprotbas","km_o2",0.0123,0.00984,0.01476,0.0123,FALSE,"mmol m-3","dom/parameters/km_o2","respiration"
FALSE,"dom","water","denitrification","denitrification","GOTM-Selmaprotbas","km_no3",0.01,0.008,0.012,0.01,FALSE,"mmol m-3","dom/parameters/km_no3","denitrification"
FALSE,"dom","water","denitrification","inhibition","GOTM-Selmaprotbas","k_inh_o2",0.33,0.264,0.396,0.33,FALSE,"mmol m-3","dom/parameters/k_inh_o2","inhibition of denitrification by O2"
FALSE,"dom","water","decomposition","labile","GOTM-Selmaprotbas","k_om1",1,0.8,1.2,1,FALSE,"yr-1","dom/parameters/k_om1","labile OM degradation rate"
FALSE,"dom","water","decomposition","semi_labile","GOTM-Selmaprotbas","k_om2",0.1,0.08,0.12,0.1,FALSE,"yr-1","dom/parameters/k_om2","semi-labile OM degradation rate"
FALSE,"dom","water","decomposition","","GOTM-Selmaprotbas","theta",1.047,0.8376,1.2564,1.047,FALSE,"-","dom/parameters/theta","temperature adjustment coefficient"
FALSE,"dom","water","light","","GOTM-Selmaprotbas","oc_dom",0.01,0.008,0.012,0.01,FALSE,"m2 mgDOM-1","dom/parameters/oc_dom","optical cross section of DOM"
FALSE,"dom","water","light","","GOTM-Selmaprotbas","qy_dom",0.1,0.08,0.12,0.1,FALSE,"mgDOM molPAR-1","dom/parameters/qy_dom","quantum yield"
FALSE,"dom","water","light","","GOTM-Selmaprotbas","f_par",0.45,0.36,0.54,0.45,FALSE,"-","dom/parameters/f_par","PAR fraction"
FALSE,"dom","water","light","","GOTM-Selmaprotbas","e_par",240800,192640,288960,240800,FALSE,"J mol-1","dom/parameters/e_par","energy of PAR photons"
FALSE,"dom","water","aggregation","flocculation","GOTM-Selmaprotbas","k_floc",6e-04,0.00048,0.00072,6e-04,FALSE,"d-1","dom/parameters/k_floc","flocculation rate"
FALSE,"dom","water","conversion","stoichiometry","GOTM-Selmaprotbas","mole_per_weight",0.0416,0.03328,0.04992,0.0416,FALSE,"molC gDOM-1","dom/parameters/mole_per_weight","mole_per_weight"
FALSE,"dom","water","biogeochemistry","mineralisation","GOTM-Selmaprotbas","n_use_factor",0.8,0.64,0.96,0.8,FALSE,"mmol N mgDOM-1","dom/parameters/n_use_factor","Factor of bacterial mineralisation as N flux"
FALSE,"dom","water","decomposition","leaching","GOTM-Selmaprotbas","k_leach",0.001,8e-04,0.0012,0.001,FALSE,"d-1","dom/parameters/k_leach","leaching constant at 20C"
FALSE,"dom","water","decomposition","leaching","GOTM-Selmaprotbas","q_leach",0.02,0.016,0.024,0.02,FALSE,"K-1","dom/parameters/q_leach","temperature dependence of leaching"
FALSE,"dom","water","light","optics","GOTM-Selmaprotbas","ext_coef_a",0.1,0.08,0.12,0.1,FALSE,"m2 mgDOM-1","dom/parameters/ext_coef_a","Linear coefficient DOM light influence"
FALSE,"dom","water","light","optics","GOTM-Selmaprotbas","ext_coef_b",1.22,0.976,1.464,1.22,FALSE,"-","dom/parameters/ext_coef_b","Exponential coefficient DOM light influence"
FALSE,"dom","water","initial_conditions","labile_dom","GOTM-Selmaprotbas","dom_a",5,4,6,5,FALSE,"mg m-3","dom/initialization/dom_a","initial labile DOM"
FALSE,"dom","water","initial_conditions","semi_labile_dom","GOTM-Selmaprotbas","dom_b",5,4,6,5,FALSE,"mg m-3","dom/initialization/dom_b","initial semi-labile DOM"
